pond_id,area_m2,area_mu,bnd_n,h05,h50,h75,h95,hmean,v05_m3,v50_m3,v75_m3,v95_m3,vmean_m3,dem_min,dem_mean,dem_max,qa
17,1700.0,2.55,49,0.0,1.0,3.0,4.0,1.583,0.0,350.0,3025.0,5125.0,1035.025,0.0,1.806,5.0,OK
18,44300.0,66.45,289,0.0,2.0,4.0,6.0,2.787,0.0,19075.0,84125.0,171550.0,41209.375,0.0,2.424,7.0,OK
21,500.0,0.75,21,0.0,0.0,0.0,0.0,0.0,0.0,0.0,0.0,0.0,0.0,0.0,0.0,0.0,OK
25,12100.0,18.15,137,-1.0,0.0,1.0,2.0,0.328,0.0,775.0,11525.0,24925.0,4301.0,-1.0,0.197,2.0,OK
26,1000.0,1.5,29,0.0,0.0,0.0,0.0,0.0,0.0,0.0,0.0,0.0,0.0,0.0,0.0,0.0,OK
27,1900.0,2.85,49,-1.0,0.0,0.0,0.0,-0.082,0.0,200.0,200.0,200.0,183.6,-1.0,-0.079,0.0,OK
28,700.0,1.05,29,0.0,1.0,2.0,2.6,1.185,0.0,250.0,900.0,1515.0,370.25,0.0,1.209,3.0,OK
29,700.0,1.05,25,0.0,0.0,0.0,0.0,0.0,0.0,0.0,0.0,0.0,0.0,0.0,0.0,0.0,OK
30,1600.0,2.4,33,-1.0,-1.0,0.0,1.0,-0.364,0.0,0.0,975.0,2825.0,620.1,-1.0,-0.395,1.0,OK
31,1000.0,1.5,33,0.0,1.0,3.0,4.0,1.625,0.0,275.0,2225.0,3475.0,806.25,0.0,1.579,5.0,OK
32,1600.0,2.4,41,0.0,0.0,0.0,0.0,0.0,0.0,0.0,0.0,0.0,0.0,0.0,0.0,0.0,OK
33,2200.0,3.3,49,0.0,0.0,0.0,0.0,0.0,0.0,0.0,0.0,0.0,0.0,0.0,0.009,1.0,OK
34,1600.0,2.4,45,-2.0,-1.0,0.0,0.0,-0.956,0.0,1075.0,2575.0,2575.0,1141.0,-2.0,-1.184,0.0,OK
36,13100.0,19.65,153,-1.0,0.0,0.0,2.0,-0.007,25.0,3100.0,3100.0,31025.0,3078.475,-2.0,-0.058,3.0,OK
37,166600.0,249.9,1141,0.0,2.0,2.0,3.0,1.603,100.0,80025.0,80025.0,238375.0,51738.75,-1.0,1.71,5.0,OK
38,1300.0,1.95,37,1.0,1.0,1.0,2.2,1.171,0.0,0.0,0.0,1770.0,243.675,1.0,1.225,3.0,OK
41,600.0,0.9,21,0.0,0.0,0.0,1.0,0.143,0.0,0.0,0.0,800.0,114.4,0.0,0.086,1.0,OK
46,500.0,0.75,21,0.0,1.0,2.0,8.0,1.65,0.0,175.0,725.0,4700.0,532.5,0.0,1.968,9.0,OK
47,700.0,1.05,25,0.0,1.0,2.0,2.8,0.957,0.0,350.0,950.0,1730.0,334.95,0.0,1.122,3.0,OK
48,6800.0,10.2,97,1.0,1.0,1.0,2.0,1.227,0.0,0.0,0.0,6525.0,1481.175,1.0,1.187,2.0,OK
55,8000.0,12.0,121,0.0,5.0,7.0,8.0,4.424,0.0,16300.0,29625.0,37975.0,13794.4,0.0,4.021,9.0,OK
57,700.0,1.05,25,1.0,1.0,2.0,2.0,1.44,0.0,0.0,725.0,725.0,319.0,1.0,1.293,2.0,OK
58,900.0,1.35,29,2.0,3.0,3.0,3.0,2.893,0.0,75.0,75.0,75.0,66.975,2.0,2.961,4.0,OK
59,600.0,0.9,29,6.0,6.0,6.0,6.0,6.0,0.0,0.0,0.0,0.0,0.0,6.0,6.0,6.0,OK
62,49000.0,73.5,533,-1.0,0.0,2.0,4.0,0.606,3450.0,25250.0,107500.0,208400.0,48641.6,-7.0,0.313,9.0,OK
63,800.0,1.2,25,0.0,0.0,0.0,1.0,0.12,0.0,0.0,0.0,1075.0,129.0,0.0,0.044,1.0,OK
66,2100.0,3.15,45,1.0,3.0,3.0,3.0,2.378,0.0,2300.0,2300.0,2300.0,1398.1,1.0,2.14,3.0,OK
68,16200.0,24.3,161,1.0,2.0,2.0,2.0,1.627,0.0,6775.0,6775.0,6775.0,4247.925,1.0,1.628,2.0,OK
74,46900.0,70.35,513,0.0,1.0,2.0,5.0,1.025,2300.0,27175.0,62325.0,198250.0,28053.75,-3.0,1.496,12.0,OK
76,600.0,0.9,25,0.0,0.0,0.0,1.8,0.087,0.0,0.0,0.0,1500.0,69.6,0.0,0.216,3.0,OK
83,800.0,1.2,25,-1.0,0.0,0.0,2.0,0.08,0.0,375.0,375.0,2325.0,447.0,-1.0,-0.067,2.0,OK
84,1600.0,2.4,49,1.0,1.0,1.0,3.0,1.367,0.0,0.0,0.0,3750.0,633.075,1.0,1.315,3.0,OK
87,5200.0,7.8,85,0.0,1.0,3.0,4.0,1.612,0.0,850.0,5850.0,11350.0,1997.5,0.0,2.191,4.0,OK
93,900.0,1.35,29,1.0,2.0,3.0,5.6,2.074,25.0,400.0,1075.0,3635.0,449.95,0.0,2.804,6.0,OK
97,2000.0,3.0,53,1.6,4.0,5.0,5.0,3.837,70.0,975.0,2800.0,2800.0,864.975,0.0,3.991,6.0,OK
105,21400.0,32.1,197,0.0,0.0,1.0,2.0,0.436,0.0,0.0,16275.0,37675.0,7095.9,0.0,0.423,3.0,OK
107,1200.0,1.8,33,0.0,0.0,0.0,0.0,0.0,0.0,0.0,0.0,0.0,0.0,0.0,0.0,0.0,OK
113,1600.0,2.4,41,0.0,0.0,0.0,1.0,0.122,0.0,0.0,0.0,1950.0,237.9,0.0,0.082,1.0,OK
114,900.0,1.35,33,0.0,1.0,3.0,5.0,2.061,0.0,250.0,1700.0,3975.0,972.275,0.0,2.0,5.0,OK
117,37500.0,56.25,553,-1.0,0.0,3.0,6.0,1.267,1225.0,6800.0,95250.0,211825.0,40888.275,-3.0,1.254,9.0,OK
118,4600.0,6.9,81,-1.0,5.0,6.0,7.0,3.948,0.0,5900.0,9650.0,14750.0,4299.6,-1.0,4.391,8.0,OK
120,3100.0,4.65,73,0.0,0.0,0.0,1.0,0.082,0.0,0.0,0.0,3550.0,291.1,0.0,0.118,1.0,OK
125,6300.0,9.45,97,-1.2,0.0,1.0,5.2,0.414,140.0,3075.0,8625.0,37795.0,5372.7,-2.0,0.196,6.0,OK
126,1100.0,1.65,29,-1.0,0.0,0.0,0.0,-0.448,0.0,675.0,675.0,675.0,372.6,-1.0,-0.458,0.0,OK
127,700.0,1.05,25,0.0,1.0,2.0,2.0,0.92,0.0,225.0,1025.0,1025.0,207.0,0.0,1.0,2.0,OK
131,3800.0,5.7,77,-8.2,0.0,0.0,1.0,-1.014,80.0,8075.0,8075.0,12175.0,5500.85,-9.0,-1.55,1.0,OK
132,9500.0,14.25,121,-2.0,0.0,0.0,1.0,-0.23,1000.0,6375.0,6375.0,12650.0,5564.25,-6.0,0.184,4.0,OK
133,700.0,1.05,29,-1.0,0.0,0.0,0.0,-0.483,0.0,425.0,425.0,425.0,219.725,-1.0,-0.395,0.0,OK
136,1300.0,1.95,41,0.0,1.0,1.0,1.0,0.615,0.0,475.0,475.0,475.0,292.125,0.0,0.753,2.0,OK
142,1000.0,1.5,33,-2.0,-1.0,-1.0,1.0,-0.848,0.0,150.0,150.0,2750.0,340.0,-2.0,-0.93,1.0,OK
145,1300.0,1.95,49,0.0,0.0,0.0,1.6,0.152,0.0,0.0,0.0,2595.0,228.0,0.0,0.273,2.0,OK
146,5800.0,8.7,117,0.0,0.0,1.0,2.0,0.684,0.0,0.0,4300.0,10550.0,2941.2,0.0,0.56,3.0,OK
147,1100.0,1.65,29,0.0,0.0,0.0,0.0,0.0,0.0,0.0,0.0,0.0,0.0,0.0,0.0,0.0,OK
148,900.0,1.35,29,0.0,3.0,4.0,5.0,2.897,0.0,700.0,1375.0,2525.0,656.225,0.0,3.02,5.0,OK
150,700.0,1.05,25,0.0,1.0,3.0,4.0,1.625,0.0,200.0,1350.0,2200.0,512.5,0.0,1.878,5.0,OK
152,700.0,1.05,25,0.0,1.0,2.0,3.0,1.087,25.0,400.0,1000.0,1725.0,452.2,-1.0,1.39,4.0,OK
155,1000.0,1.5,29,2.0,3.0,4.0,4.0,3.172,0.0,225.0,1275.0,1275.0,405.6,2.0,3.073,4.0,OK
156,2100.0,3.15,53,0.0,2.0,4.0,6.0,2.623,0.0,1275.0,5175.0,10225.0,2349.675,0.0,2.315,6.0,OK
161,1000.0,1.5,37,-3.0,-2.0,-2.0,-1.0,-2.324,0.0,700.0,700.0,2050.0,473.2,-3.0,-2.39,-1.0,OK
166,1300.0,1.95,45,0.2,2.0,4.0,6.0,2.738,15.0,650.0,3425.0,6825.0,1627.85,0.0,2.36,6.0,OK
172,1600.0,2.4,45,0.0,0.0,0.0,1.0,0.089,0.0,0.0,0.0,2100.0,186.9,0.0,0.034,1.0,OK
173,4500.0,6.75,69,0.0,1.0,4.0,6.6,2.092,0.0,525.0,8400.0,18765.0,2707.6,0.0,3.116,7.0,OK
178,10900.0,16.35,225,-1.0,0.0,0.0,0.0,-0.187,400.0,3400.0,3400.0,3400.0,2839.0,-3.0,-0.248,0.0,OK
183,24100.0,36.15,189,0.0,1.0,7.0,11.0,2.678,250.0,7525.0,114750.0,204450.0,32745.9,-2.0,3.388,16.0,OK
193,7000.0,10.5,109,1.0,2.0,2.0,3.0,1.734,0.0,3550.0,3550.0,10600.0,2605.7,1.0,1.734,3.0,OK
195,3100.0,4.65,53,-3.0,-2.0,-2.0,-2.0,-2.264,0.0,1575.0,1575.0,1575.0,1159.2,-3.0,-2.417,-2.0,OK
214,11400.0,17.1,193,-1.0,0.0,1.0,2.0,0.207,0.0,5450.0,15025.0,28450.0,7432.025,-1.0,-0.058,2.0,OK
260,29700.0,44.55,225,-3.0,0.0,0.0,1.0,-0.448,0.0,18825.0,18825.0,49650.0,13303.4,-3.0,-0.52,2.0,OK
336,5400.0,8.1,93,0.0,0.0,1.0,2.0,0.344,0.0,0.0,5600.0,11950.0,1926.4,0.0,0.183,2.0,OK
677,44800.0,67.2,345,-3.0,0.0,0.0,2.0,-0.352,0.0,30175.0,30175.0,121250.0,22721.4,-3.0,-0.46,4.0,OK
773,22300.0,33.45,241,0.0,2.0,5.0,11.0,3.394,0.0,5150.0,32000.0,140300.0,14848.25,0.0,5.47,12.0,OK
797,6300.0,9.45,97,0.0,2.0,2.0,4.0,1.511,600.0,8375.0,8375.0,20425.0,6235.625,-1.0,1.316,6.0,OK
805,4400.0,6.6,77,2.0,4.0,5.0,5.0,3.818,0.0,1825.0,5150.0,5150.0,1533.8,2.0,4.042,5.0,OK
807,14900.0,22.35,177,-1.0,0.0,1.0,2.0,0.194,0.0,3375.0,17000.0,33250.0,6018.25,-1.0,0.07,3.0,OK
851,3800.0,5.7,77,-3.0,-1.0,-1.0,0.0,-1.351,0.0,2250.0,2250.0,6450.0,1635.75,-3.0,-1.351,0.0,OK
1021,214200.0,321.3,1842,13.0,18.0,19.0,21.0,17.458,8525.0,288475.0,436825.0,836975.0,227540.65,11.0,17.501,26.0,OK
1051,500.0,0.75,25,0.0,0.0,0.0,0.0,0.0,0.0,0.0,0.0,0.0,0.0,0.0,0.0,0.0,OK
1060,3800.0,5.7,89,0.0,1.0,2.0,3.0,1.303,50.0,1550.0,4200.0,8350.0,2352.95,-1.0,1.305,3.0,OK
1110,2000.0,3.0,65,-1.0,0.0,0.0,0.8,-0.18,0.0,825.0,825.0,3005.0,676.5,-1.0,-0.257,1.0,OK
1136,13700.0,20.55,158,-1.0,0.0,1.0,5.0,0.781,0.0,2625.0,13125.0,67525.0,10825.5,-1.0,0.762,7.0,OK
1163,3400.0,5.1,65,0.0,0.0,0.0,1.0,0.077,0.0,0.0,0.0,4100.0,315.7,0.0,0.03,1.0,OK
1229,12700.0,19.05,201,-3.0,-1.0,-1.0,0.0,-1.154,500.0,10075.0,10075.0,22650.0,8962.35,-4.0,-1.479,1.0,OK
1246,1600.0,2.4,37,0.0,0.0,1.0,1.0,0.378,0.0,0.0,1625.0,1625.0,614.25,0.0,0.217,1.0,OK
1279,2000.0,3.0,61,0.0,1.0,2.0,2.0,1.131,0.0,250.0,2550.0,2550.0,551.3,0.0,1.081,2.0,OK
1297,1800.0,2.7,53,3.0,4.0,5.0,6.0,4.096,0.0,775.0,2125.0,4400.0,904.6,3.0,4.232,7.0,OK
1300,1300.0,1.95,41,1.0,1.0,1.0,1.0,1.0,0.0,0.0,0.0,0.0,0.0,1.0,1.0,1.0,OK
1329,1800.0,2.7,45,1.0,1.0,2.0,2.0,1.333,0.0,0.0,1450.0,1450.0,482.85,1.0,1.389,2.0,OK
1354,1100.0,1.65,41,0.0,0.0,1.0,2.0,0.463,0.0,0.0,975.0,2500.0,451.425,0.0,0.462,2.0,OK
1360,5600.0,8.4,169,11.0,16.0,17.0,17.0,15.182,250.0,11450.0,15850.0,15850.0,8259.8,10.0,14.974,18.0,OK
1370,3400.0,5.1,61,1.0,1.0,2.0,3.0,1.557,0.0,0.0,2625.0,6600.0,1462.125,1.0,1.419,3.0,OK
1373,1700.0,2.55,41,19.0,20.0,21.0,21.0,20.098,0.0,150.0,1850.0,1850.0,316.6,19.0,20.169,21.0,OK
1387,8700.0,13.05,109,-2.0,1.0,2.0,5.6,1.265,275.0,4125.0,7875.0,39455.0,5118.75,-3.0,1.69,6.0,OK
1402,6000.0,9.0,113,0.0,1.0,3.0,5.0,1.773,0.0,2200.0,13050.0,26700.0,6084.325,0.0,1.414,6.0,OK
1403,3100.0,4.65,69,0.0,5.0,8.0,8.6,4.169,0.0,8600.0,15500.0,17825.0,6854.9,0.0,4.126,9.0,OK
1422,1400.0,2.1,41,2.0,4.0,5.0,6.0,4.171,0.0,650.0,1725.0,3275.0,833.825,2.0,4.299,6.0,OK
1424,900.0,1.35,37,0.0,0.0,1.0,1.0,0.405,0.0,0.0,875.0,875.0,354.375,0.0,0.364,1.0,OK
1430,18300.0,27.45,157,1.0,3.0,4.0,6.0,3.331,6800.0,24100.0,39025.0,75675.0,29040.175,-3.0,2.275,7.0,OK
1431,1000.0,1.5,37,2.0,3.0,4.0,4.0,2.973,0.0,325.0,1175.0,1175.0,316.225,2.0,3.203,4.0,OK
1436,4000.0,6.0,69,0.0,2.0,3.0,4.0,2.091,0.0,1675.0,5150.0,9400.0,1991.225,0.0,2.087,5.0,OK
1446,2100.0,3.15,65,2.0,3.0,4.0,5.0,3.328,0.0,525.0,2350.0,4925.0,1123.6,2.0,3.31,6.0,OK
1447,8000.0,12.0,133,0.0,0.0,1.0,2.0,0.538,0.0,0.0,7275.0,16125.0,3913.95,0.0,0.336,3.0,OK
1463,54800.0,82.2,409,0.0,2.0,3.0,6.0,2.115,3025.0,30425.0,65650.0,222250.0,34475.875,-4.0,2.32,10.0,OK
1492,20000.0,30.0,321,0.0,4.0,8.0,9.0,4.403,0.0,20150.0,80425.0,100250.0,25137.125,0.0,4.834,10.0,OK
1498,1400.0,2.1,41,0.0,2.0,3.0,3.0,1.683,0.0,1025.0,2175.0,2175.0,811.025,0.0,1.87,3.0,OK
1503,5200.0,7.8,129,0.0,0.0,1.0,1.6,0.377,0.0,0.0,4925.0,8900.0,1856.725,0.0,0.301,2.0,OK
1510,1200.0,1.8,49,0.0,1.0,1.0,1.0,0.604,0.0,800.0,800.0,800.0,483.2,0.0,0.575,2.0,OK
1534,600.0,0.9,25,20.0,21.0,21.0,22.0,20.76,0.0,400.0,400.0,1175.0,304.0,20.0,20.73,22.0,OK
1542,1200.0,1.8,41,5.0,9.0,9.0,9.0,7.85,0.0,1750.0,1750.0,1750.0,906.25,5.0,8.072,10.0,OK
1543,2200.0,3.3,65,5.0,5.0,5.0,6.0,5.141,0.0,0.0,0.0,2500.0,352.5,5.0,5.182,7.0,OK
1575,4100.0,6.15,61,1.0,2.0,5.0,6.0,2.914,0.0,800.0,8950.0,12550.0,2856.5,1.0,3.954,10.0,OK
1589,2100.0,3.15,53,4.0,4.0,4.0,4.0,4.0,0.0,0.0,0.0,0.0,0.0,4.0,4.0,4.0,OK
1590,23100.0,34.65,233,1.0,3.0,4.0,6.0,3.099,875.0,17450.0,35550.0,83125.0,19241.9,0.0,2.806,6.0,OK
1634,15900.0,23.85,149,0.0,2.0,4.0,6.0,2.422,0.0,12400.0,35400.0,66200.0,17073.65,0.0,2.281,8.0,OK
1644,3900.0,5.85,93,0.0,1.0,2.0,2.0,1.36,0.0,400.0,2650.0,2650.0,1210.0,0.0,1.498,3.0,OK
1662,3700.0,5.55,97,3.0,4.0,4.0,4.0,3.796,0.0,1275.0,1275.0,1275.0,1014.9,3.0,3.76,5.0,OK
1664,6000.0,9.0,81,0.0,4.0,5.0,6.0,3.595,0.0,4325.0,7425.0,13350.0,3535.25,0.0,4.107,7.0,OK
1665,700.0,1.05,29,0.0,1.0,1.0,2.0,0.966,0.0,325.0,325.0,1250.0,313.95,0.0,0.837,2.0,OK
1683,2300.0,3.45,49,4.0,9.0,10.0,11.0,8.143,0.0,4125.0,5700.0,8275.0,3032.325,4.0,8.171,11.0,OK
1690,500.0,0.75,25,1.0,2.0,5.0,5.8,2.609,0.0,275.0,1875.0,2495.0,533.825,1.0,2.788,6.0,OK
1694,16300.0,24.45,145,1.0,4.0,7.0,11.0,4.938,925.0,9850.0,32025.0,90850.0,15384.2,-2.0,5.988,11.0,OK
1700,4500.0,6.75,121,1.0,2.0,3.0,4.0,2.538,125.0,1500.0,5150.0,10350.0,3463.7,0.0,2.282,4.0,OK
1703,6500.0,9.75,137,0.0,1.0,1.0,2.0,1.0,0.0,1675.0,1675.0,8250.0,1675.0,0.0,0.997,2.0,OK
1704,1700.0,2.55,61,3.0,4.0,5.0,5.0,4.23,0.0,325.0,1975.0,1975.0,704.5,3.0,4.202,5.0,OK
1716,29300.0,43.95,361,1.0,2.0,2.0,3.0,2.006,0.0,5575.0,5575.0,34300.0,5747.35,1.0,1.987,4.0,OK
1734,500.0,0.75,25,2.0,5.0,6.0,6.0,4.583,25.0,800.0,1250.0,1250.0,654.05,1.0,4.485,6.0,OK
1761,5900.0,8.85,106,1.0,1.0,2.0,2.0,1.453,0.0,0.0,4650.0,4650.0,2106.45,1.0,1.354,2.0,OK
1765,900.0,1.35,37,0.0,0.0,0.0,1.0,0.081,0.0,0.0,0.0,1300.0,105.3,0.0,0.055,1.0,OK
1769,1800.0,2.7,45,1.0,2.0,2.0,3.0,1.822,0.0,700.0,700.0,2950.0,575.4,1.0,1.758,3.0,OK
1807,600.0,0.9,25,-3.0,0.0,0.0,1.0,-0.52,0.0,500.0,500.0,1325.0,357.0,-3.0,-0.432,1.0,OK
1808,2000.0,3.0,49,0.0,1.0,1.0,1.0,0.633,0.0,950.0,950.0,950.0,601.35,0.0,0.638,1.0,OK
1816,46200.0,69.3,417,1.0,3.0,5.0,8.0,3.562,1075.0,25075.0,86375.0,221125.0,40515.95,0.0,3.708,9.0,OK
1818,800.0,1.2,29,0.0,0.0,0.0,0.0,0.0,0.0,0.0,0.0,0.0,0.0,0.0,0.0,0.0,OK
1822,119700.0,179.55,429,0.0,1.0,2.0,7.0,1.042,0.0,45525.0,128800.0,726675.0,49022.55,0.0,1.201,9.0,OK
1849,33700.0,50.55,277,0.8,1.0,2.0,3.0,1.633,1240.0,1550.0,18850.0,50025.0,12500.9,0.0,1.695,4.0,OK
1872,7000.0,10.5,137,0.0,1.0,1.0,2.2,1.031,125.0,825.0,825.0,10255.0,1064.475,-1.0,1.054,4.0,OK
1876,20300.0,30.45,289,2.0,2.0,3.0,4.0,2.477,225.0,225.0,16325.0,39525.0,7904.7,1.0,2.348,4.0,OK
1973,19300.0,28.95,229,12.0,13.0,13.0,14.0,12.876,400.0,5050.0,5050.0,25050.0,4473.4,11.0,12.87,14.0,OK
1999,5400.0,8.1,81,10.0,11.0,13.0,14.0,11.728,0.0,300.0,9375.0,15550.0,3030.0,10.0,11.58,14.0,OK
2043,1700.0,2.55,57,10.0,12.0,12.0,13.0,11.554,25.0,1300.0,1300.0,3525.0,854.0,9.0,11.546,13.0,OK
2049,59600.0,89.4,377,0.0,1.0,1.0,4.0,1.139,0.0,22725.0,22725.0,199600.0,30290.075,0.0,0.901,5.0,OK
2060,700.0,1.05,29,0.0,0.0,0.0,1.0,0.172,0.0,0.0,0.0,925.0,159.1,0.0,0.14,1.0,OK
2061,500.0,0.75,25,0.0,0.0,0.0,0.0,0.0,0.0,0.0,0.0,0.0,0.0,0.0,0.0,0.0,OK
2076,246100.0,369.15,1500,0.0,1.0,1.0,2.0,0.741,1600.0,102925.0,102925.0,343800.0,76681.825,-1.0,0.729,5.0,OK
2109,4900.0,7.35,77,0.0,1.0,2.0,3.0,1.052,0.0,1325.0,6125.0,11750.0,1574.6,0.0,1.0,3.0,OK
2139,800.0,1.2,37,2.0,6.0,7.0,8.0,5.27,0.0,1525.0,2350.0,3450.0,1087.0,2.0,5.294,8.0,OK
2142,5100.0,7.65,117,11.0,11.0,13.0,13.0,11.887,75.0,75.0,5950.0,5950.0,2536.425,10.0,12.129,14.0,OK
2148,500.0,0.75,25,2.2,5.0,5.0,6.0,4.783,10.0,600.0,600.0,1275.0,513.2,2.0,4.455,6.0,OK
2154,2400.0,3.6,53,1.0,3.0,3.0,4.0,2.679,0.0,1000.0,1000.0,3775.0,719.125,1.0,2.772,4.0,OK
2163,800.0,1.2,37,1.0,2.0,2.0,3.0,1.811,0.0,600.0,600.0,1725.0,486.6,1.0,1.647,3.0,OK
2195,337800.0,506.7,1199,-2.0,-1.0,0.0,0.0,-0.63,250.0,13925.0,197600.0,197600.0,81884.75,-3.0,-0.517,4.0,OK
2214,150100.0,225.15,685,18.0,20.0,20.0,22.0,20.029,1875.0,69825.0,69825.0,357450.0,73725.5,16.0,19.756,25.0,OK
2222,113900.0,170.85,806,18.0,19.0,20.0,21.0,19.456,9175.0,22600.0,93250.0,206800.0,54816.4,11.0,19.351,24.0,OK
2224,600.0,0.9,25,20.0,20.0,20.0,21.0,20.2,0.0,0.0,0.0,775.0,155.0,20.0,20.139,21.0,OK
2263,3500.0,5.25,57,-1.0,0.0,0.0,0.2,-0.222,0.0,450.0,450.0,1280.0,350.1,-1.0,-0.089,1.0,OK
2271,206500.0,309.75,2045,17.0,19.0,20.0,23.0,19.313,48025.0,129025.0,271850.0,899100.0,173729.225,9.0,19.135,25.0,OK
2295,7500.0,11.25,113,0.0,0.0,0.0,1.0,0.144,500.0,500.0,500.0,8675.0,1677.2,-1.0,0.028,1.0,OK
2309,7500.0,11.25,161,0.0,2.0,3.0,8.0,1.993,25.0,6800.0,13475.0,56300.0,6766.75,-1.0,2.126,9.0,OK
2320,1700.0,2.55,41,19.0,20.0,20.0,20.0,19.707,0.0,575.0,575.0,575.0,406.525,19.0,19.742,20.0,OK
2347,2000.0,3.0,65,2.0,4.0,4.0,5.0,3.603,50.0,2000.0,2000.0,4350.0,1543.45,1.0,3.46,5.0,OK
2386,3100.0,4.65,85,2.0,4.0,4.0,8.0,3.963,0.0,2000.0,2000.0,16750.0,1947.275,2.0,4.0,9.0,OK
2412,500.0,0.75,25,1.0,2.0,3.0,4.0,2.48,0.0,125.0,550.0,1250.0,329.0,1.0,2.485,4.0,OK
2421,8000.0,12.0,133,-1.0,0.0,0.0,0.0,-0.489,0.0,5925.0,5925.0,5925.0,3027.675,-1.0,-0.612,0.0,OK
2445,1000.0,1.5,37,0.0,0.0,0.0,0.0,0.0,0.0,0.0,0.0,0.0,0.0,0.0,0.017,1.0,OK
2465,69000.0,103.5,549,18.0,20.0,20.0,21.0,19.636,1325.0,50225.0,50225.0,121575.0,35119.0,15.0,19.401,23.0,OK
2474,3300.0,4.95,57,1.0,2.0,3.0,6.0,2.719,0.0,250.0,2925.0,14050.0,2173.325,1.0,2.509,6.0,OK
2481,5000.0,7.5,101,0.0,0.0,1.0,1.0,0.351,0.0,0.0,4775.0,4775.0,1676.025,0.0,0.263,2.0,OK
2490,149200.0,223.8,1380,0.0,1.0,2.0,4.0,0.972,11125.0,80650.0,215625.0,525950.0,78703.3,-3.0,0.857,6.0,OK
2492,600.0,0.9,25,0.0,0.0,0.0,0.8,0.0,0.0,0.0,0.0,700.0,0.0,0.0,0.054,1.0,OK
2503,9300.0,13.95,105,1.0,2.0,3.0,4.0,2.373,450.0,3000.0,10050.0,20075.0,5629.65,0.0,2.118,5.0,OK
2504,800.0,1.2,25,1.0,1.0,1.0,1.0,1.0,0.0,0.0,0.0,0.0,0.0,1.0,1.089,2.0,OK
2513,2300.0,3.45,77,2.0,4.0,4.0,4.0,3.425,25.0,1800.0,1800.0,1800.0,995.0,1.0,3.473,5.0,OK
2521,221400.0,332.1,2197,0.0,0.0,1.0,3.0,0.479,9100.0,9100.0,161225.0,607250.0,81967.875,-1.0,0.597,6.0,OK
2523,10100.0,15.15,109,0.0,0.0,0.0,1.0,0.064,0.0,0.0,0.0,9850.0,630.4,0.0,0.142,1.0,OK
2527,357200.0,535.8,2550,-1.0,0.0,0.0,1.0,-0.047,975.0,37500.0,37500.0,402350.0,35783.325,-2.0,-0.023,3.0,OK
2544,10500.0,15.75,117,20.0,21.0,22.0,22.0,21.051,0.0,2050.0,10025.0,10025.0,2456.725,20.0,21.192,24.0,OK
2555,900.0,1.35,37,6.0,7.0,7.0,7.0,6.639,25.0,575.0,575.0,575.0,376.45,5.0,6.582,7.0,OK
2558,102600.0,153.9,606,20.0,21.0,22.0,23.0,21.447,1350.0,24425.0,100225.0,204250.0,58307.6,19.0,21.172,26.0,OK
2572,61200.0,91.8,414,19.0,21.0,22.0,25.0,21.192,4250.0,44350.0,82825.0,245325.0,51737.2,12.0,21.328,26.0,OK
2583,161500.0,242.25,1440,16.0,19.0,20.0,22.0,18.969,41225.0,141625.0,261150.0,595700.0,139527.85,8.0,18.704,24.0,OK
2590,114800.0,172.2,777,0.0,2.0,3.0,6.0,1.872,3600.0,91300.0,182425.0,525175.0,83408.8,-1.0,1.845,9.0,OK
2607,300200.0,450.3,1497,-1.0,0.0,0.0,0.0,-0.436,9400.0,127900.0,127900.0,127900.0,76234.0,-2.0,-0.395,2.0,OK
2615,8300.0,12.45,161,2.0,3.0,4.0,4.0,3.13,0.0,2000.0,9975.0,9975.0,3036.75,2.0,3.034,4.0,OK
2619,24700.0,37.05,209,19.4,21.0,22.0,23.0,21.078,665.0,13125.0,33750.0,59825.0,14733.75,18.0,20.816,24.0,OK
2627,40300.0,60.45,553,2.0,3.0,3.0,4.0,3.015,0.0,8025.0,8025.0,44925.0,8578.5,2.0,3.067,5.0,OK
2640,1600.0,2.4,37,3.0,4.0,4.0,5.0,3.676,0.0,825.0,825.0,2850.0,557.7,3.0,3.627,5.0,OK
2643,4000.0,6.0,77,0.0,0.0,0.0,0.0,0.0,25.0,25.0,25.0,25.0,25.0,-1.0,-0.005,0.0,OK
2647,337800.0,506.7,1264,-1.0,0.0,0.0,0.0,-0.392,14700.0,155925.0,155925.0,155925.0,100564.8,-3.0,-0.429,4.0,OK
2669,1200.0,1.8,33,1.0,2.0,3.0,3.0,2.273,0.0,75.0,1325.0,1325.0,416.25,1.0,2.185,3.0,OK
2677,46900.0,70.35,303,-1.0,0.0,0.0,0.0,-0.224,0.0,11025.0,11025.0,11025.0,8555.4,-1.0,-0.218,0.0,OK
2686,8700.0,13.05,193,3.0,3.0,4.0,5.0,3.432,350.0,350.0,7425.0,17925.0,3406.4,2.0,3.391,6.0,OK
2691,116400.0,174.6,718,-1.0,0.0,0.0,0.0,-0.264,6325.0,48975.0,48975.0,48975.0,37715.4,-3.0,-0.373,3.0,OK
2700,42100.0,63.15,423,2.0,3.0,3.0,4.0,3.126,0.0,1425.0,1425.0,36900.0,5894.85,2.0,3.225,5.0,OK
2703,1000.0,1.5,0,,,,,,,,,,,,,,NO_DEM_ON_BOUNDARY
2705,1900.0,2.85,41,-1.0,-1.0,0.0,0.0,-0.61,0.0,0.0,1825.0,1825.0,711.75,-1.0,-0.753,0.0,OK
2723,428100.0,642.15,2902,-1.0,0.0,0.0,1.0,-0.123,9500.0,94150.0,94150.0,538425.0,83738.05,-3.0,-0.131,7.0,OK
2739,238900.0,358.35,1887,2.0,3.0,4.0,4.0,3.171,5300.0,43650.0,241200.0,241200.0,77431.05,0.0,3.112,7.0,OK
2743,240400.0,360.6,1457,19.0,20.0,21.0,24.0,20.754,15675.0,54650.0,192625.0,859800.0,158683.15,9.0,20.683,25.0,OK
2767,600.0,0.9,21,1.0,2.0,2.0,2.0,1.5,0.0,550.0,550.0,550.0,275.0,1.0,1.4,3.0,OK
2769,900.0,1.35,29,18.0,27.0,29.0,31.0,24.517,0.0,5075.0,6700.0,8950.0,3323.975,18.0,23.98,31.0,OK
2796,1900.0,2.85,45,3.0,3.0,3.0,3.0,3.0,0.0,0.0,0.0,0.0,0.0,3.0,3.0,3.0,OK
2803,1500.0,2.25,45,3.0,3.0,3.0,4.0,3.114,400.0,400.0,400.0,2350.0,622.3,2.0,2.867,4.0,OK
2812,1100.0,1.65,41,3.0,3.0,3.0,4.0,3.122,0.0,0.0,0.0,1525.0,186.05,3.0,3.062,4.0,OK
2817,689600.0,1034.4,3207,-1.0,0.0,1.0,2.0,0.318,14175.0,104675.0,534350.0,1242750.0,241311.65,-4.0,0.313,11.0,OK
2849,219000.0,328.5,1438,-1.0,1.0,3.0,8.0,1.65,3025.0,153900.0,478475.0,1543325.0,249466.25,-2.0,1.615,15.0,OK
2851,9200.0,13.8,121,2.0,3.0,3.0,3.0,2.926,0.0,225.0,225.0,225.0,208.35,2.0,2.979,3.0,OK
2870,10100.0,15.15,177,1.0,2.0,3.0,6.0,2.672,0.0,2300.0,10100.0,43125.0,7541.6,1.0,2.507,7.0,OK
2878,16400.0,24.6,217,0.0,0.0,0.0,1.0,0.1,75.0,75.0,75.0,18350.0,1902.5,-1.0,0.044,2.0,OK
2892,500.0,0.75,25,1.0,3.0,3.0,3.8,2.391,0.0,425.0,425.0,1045.0,211.85,1.0,2.545,4.0,OK
2903,299300.0,448.95,1509,-1.0,0.0,1.0,3.0,0.341,850.0,92775.0,301600.0,908150.0,163984.325,-2.0,0.16,6.0,OK
2904,14500.0,21.75,161,0.0,2.0,2.0,3.0,1.61,0.0,6000.0,6000.0,16675.0,4128.0,0.0,2.083,5.0,OK
2907,13400.0,20.1,153,0.0,1.0,2.0,2.0,1.281,0.0,1275.0,9300.0,9300.0,3530.025,0.0,1.4,3.0,OK
2914,49500.0,74.25,409,1.0,2.0,3.0,3.0,2.187,2225.0,18400.0,57625.0,57625.0,25735.075,0.0,2.016,5.0,OK
2945,7800.0,11.7,109,2.0,3.0,4.0,5.0,3.224,0.0,2275.0,9525.0,18325.0,3899.0,2.0,3.008,6.0,OK
2946,1600.0,2.4,0,,,,,,,,,,,,,,NO_DEM_ON_BOUNDARY
2965,1900.0,2.85,49,0.0,1.0,2.0,2.0,1.082,0.0,325.0,2500.0,2500.0,503.35,0.0,1.01,2.0,OK
2975,12200.0,18.3,165,0.0,0.0,0.0,1.0,0.067,75.0,75.0,75.0,13750.0,991.225,-1.0,0.037,1.0,OK
2983,17000.0,25.5,197,0.0,1.0,1.0,2.0,0.686,275.0,6600.0,6600.0,20650.0,4613.95,-1.0,0.967,3.0,OK
2997,4200.0,6.3,97,2.0,2.0,3.0,3.0,2.268,0.0,0.0,3950.0,3950.0,1058.6,2.0,2.272,3.0,OK
3012,90300.0,135.45,573,0.0,1.0,3.0,5.0,1.746,2100.0,10900.0,101675.0,271450.0,34268.45,-4.0,2.266,7.0,OK
3041,700.0,1.05,33,4.0,5.0,5.0,6.0,5.188,25.0,100.0,100.0,950.0,259.8,3.0,5.156,6.0,OK
3067,19300.0,28.95,145,0.0,0.0,1.0,1.0,0.297,475.0,475.0,18650.0,18650.0,5872.975,-1.0,0.122,2.0,OK
3090,280700.0,421.05,1902,1.0,4.0,4.0,6.0,3.411,31675.0,306000.0,306000.0,820250.0,225925.45,-3.0,3.363,10.0,OK
3106,500.0,0.75,25,3.0,4.0,4.0,4.8,3.783,0.0,125.0,125.0,765.0,97.875,3.0,3.879,5.0,OK
3131,1800.0,2.7,49,4.0,4.0,4.0,5.0,4.167,25.0,25.0,25.0,2150.0,379.875,3.0,4.113,5.0,OK
3140,57300.0,85.95,553,0.0,1.0,1.0,1.0,0.503,0.0,36625.0,36625.0,36625.0,18422.375,0.0,0.448,2.0,OK
3157,600.0,0.9,25,7.0,8.0,9.0,9.0,8.16,0.0,100.0,600.0,600.0,180.0,7.0,8.351,9.0,OK
3170,5700.0,8.55,117,2.0,3.0,3.0,4.0,2.991,0.0,400.0,400.0,7200.0,396.4,2.0,2.997,4.0,OK
3182,500.0,0.75,25,8.0,8.0,8.0,8.0,8.0,0.0,0.0,0.0,0.0,0.0,8.0,8.0,8.0,OK
3186,500.0,0.75,21,6.0,7.0,7.0,7.0,6.524,0.0,325.0,325.0,325.0,170.3,6.0,6.581,7.0,OK
3187,34500.0,51.75,406,0.0,0.0,0.0,1.0,0.187,150.0,150.0,150.0,32050.0,6115.3,-1.0,0.231,3.0,OK
3190,7500.0,11.25,117,13.0,13.0,14.0,15.0,13.553,125.0,125.0,4750.0,13300.0,2682.625,12.0,13.521,16.0,OK
3229,92800.0,139.2,746,3.0,3.0,4.0,5.0,3.566,2825.0,2825.0,53000.0,151275.0,31224.05,1.0,3.521,6.0,OK
3242,127900.0,191.85,958,1.0,3.0,4.0,8.0,3.016,2600.0,110000.0,220650.0,749375.0,111770.4,-1.0,2.677,13.0,OK
3246,24900.0,37.35,161,3.0,4.0,4.0,4.0,3.522,475.0,13025.0,13025.0,13025.0,7026.1,2.0,3.516,4.0,OK
3283,17900.0,26.85,149,15.0,16.0,16.0,17.0,15.959,25.0,3350.0,3350.0,21300.0,3213.675,14.0,15.923,17.0,OK
3284,8200.0,12.3,113,4.0,5.0,6.0,7.0,5.327,0.0,850.0,5375.0,13275.0,2329.675,4.0,5.621,7.0,OK
3287,31700.0,47.55,245,0.0,2.0,3.0,5.0,2.34,1250.0,27750.0,55950.0,122675.0,37338.0,-2.0,1.474,6.0,OK
3307,30500.0,45.75,442,3.0,4.0,5.0,8.0,4.687,225.0,1975.0,26625.0,125200.0,18909.55,2.0,4.523,9.0,OK
3312,800.0,1.2,29,6.4,7.0,8.0,8.0,7.407,20.0,50.0,825.0,825.0,365.425,6.0,7.298,8.0,OK
3314,110500.0,165.75,759,1.0,4.0,7.0,12.0,5.072,2250.0,98250.0,389625.0,954775.0,192111.6,0.0,4.042,13.0,OK
3332,209600.0,314.4,1092,0.0,1.0,2.0,4.0,1.541,825.0,30050.0,176175.0,591575.0,109103.625,-2.0,1.378,8.0,OK
3337,14300.0,21.45,201,3.0,4.0,4.0,5.0,3.945,0.0,2425.0,2425.0,18175.0,2291.625,3.0,3.92,5.0,OK
3392,26200.0,39.3,205,2.0,3.0,4.0,4.0,3.263,0.0,4025.0,22225.0,22225.0,8811.6,2.0,3.258,5.0,OK
3407,4800.0,7.2,85,0.0,1.0,1.0,2.0,1.012,0.0,1275.0,1275.0,6375.0,1336.2,0.0,0.915,2.0,OK
3427,20100.0,30.15,222,2.0,3.0,4.0,4.0,3.225,0.0,1025.0,18600.0,18600.0,4979.375,2.0,3.186,4.0,OK
3463,362700.0,544.05,1782,0.0,1.0,1.0,2.0,0.723,7000.0,181375.0,181375.0,517075.0,133073.125,-2.0,0.673,6.0,OK
3472,607900.0,911.85,3418,-1.0,0.0,1.0,2.0,0.375,1450.0,35475.0,453650.0,1069450.0,192290.625,-2.0,0.358,3.0,OK
3515,461000.0,691.5,2277,1.0,2.0,3.0,4.0,2.416,30850.0,133900.0,396275.0,790200.0,243048.0,-2.0,2.451,8.0,OK
3587,262500.0,393.75,1600,2.0,4.0,4.0,5.0,3.662,3275.0,148225.0,148225.0,402500.0,106186.25,0.0,3.583,7.0,OK
3594,35200.0,52.8,301,8.0,10.0,11.0,12.0,10.228,450.0,21350.0,48375.0,82700.0,27511.7,7.0,9.879,13.0,OK
3625,154500.0,231.75,1303,0.0,1.0,3.0,6.0,1.763,12000.0,49225.0,290675.0,764300.0,125830.2,-6.0,1.57,11.0,OK
3656,9800.0,14.7,209,4.0,5.0,6.0,7.0,5.224,0.0,2250.0,9150.0,21000.0,3795.6,4.0,5.318,8.0,OK
3771,500.0,0.75,25,6.0,7.0,8.0,8.0,7.16,0.0,75.0,650.0,650.0,167.0,6.0,7.212,8.0,OK
3793,32700.0,49.05,254,3.0,4.0,4.0,5.0,4.039,0.0,10600.0,10600.0,43925.0,11899.675,3.0,3.775,5.0,OK
3827,229100.0,343.65,1329,3.0,4.0,5.0,6.0,4.26,12225.0,68300.0,255925.0,492575.0,117082.5,1.0,3.995,7.0,OK
3866,7400.0,11.1,93,9.0,10.0,11.0,12.0,10.172,0.0,2375.0,7975.0,16100.0,3338.2,9.0,10.122,12.0,OK
3873,29000.0,43.5,326,6.0,7.0,7.0,8.0,7.11,0.0,2450.0,2450.0,30425.0,5527.25,6.0,7.079,8.0,OK
3930,2500.0,3.75,53,7.0,9.0,9.0,11.0,8.585,0.0,3325.0,3325.0,9150.0,2360.125,7.0,8.118,11.0,OK
3934,500.0,0.75,21,3.0,3.0,3.0,3.0,3.0,0.0,0.0,0.0,0.0,0.0,3.0,3.0,3.0,OK
3937,24600.0,36.9,249,7.0,7.0,7.0,8.0,7.206,550.0,550.0,550.0,25025.0,5591.85,6.0,7.106,10.0,OK
3938,35100.0,52.65,253,5.0,6.0,7.0,8.0,6.263,50.0,5625.0,22375.0,53250.0,10030.25,4.0,6.628,9.0,OK
3949,5700.0,8.55,129,7.0,8.0,9.0,10.0,8.45,0.0,1225.0,4850.0,10125.0,2856.25,7.0,8.613,10.0,OK
3967,600.0,0.9,25,7.0,7.0,7.0,7.0,7.0,0.0,0.0,0.0,0.0,0.0,7.0,7.027,8.0,OK
4021,222800.0,334.2,766,-1.0,1.0,4.0,7.0,2.057,56250.0,179150.0,628600.0,1242325.0,315563.875,-25.0,1.674,10.0,OK
4037,22900.0,34.35,0,,,,,,,,,,,,,,NO_DEM_ON_BOUNDARY
4043,269000.0,403.5,877,1.0,4.0,5.0,8.0,3.585,35500.0,321700.0,532800.0,1304650.0,258111.625,-9.0,3.389,11.0,OK
4051,500.0,0.75,25,12.0,12.0,13.0,13.0,12.48,0.0,0.0,350.0,350.0,168.0,12.0,12.576,13.0,OK
4054,700.0,1.05,33,11.0,11.0,11.0,12.0,11.242,0.0,0.0,0.0,925.0,223.85,11.0,11.178,12.0,OK
4055,106700.0,160.05,794,5.0,7.0,8.0,9.0,6.649,4625.0,88700.0,179500.0,286475.0,68728.1,4.0,6.575,12.0,OK
4059,95400.0,143.1,1297,0.0,2.0,3.0,7.0,2.281,0.0,47525.0,132975.0,551225.0,71536.45,0.0,2.078,10.0,OK
4100,1600.0,2.4,37,7.0,8.0,10.0,10.2,8.314,0.0,550.0,3525.0,3930.0,934.65,7.0,8.325,11.0,OK
4141,900.0,1.35,33,7.0,7.0,8.0,10.0,7.5,0.0,0.0,950.0,3300.0,475.0,7.0,7.528,11.0,OK
4164,1900.0,2.85,49,0.0,0.0,1.0,1.0,0.449,0.0,0.0,1625.0,1625.0,729.625,0.0,0.356,1.0,OK
4168,3900.0,5.85,0,,,,,,,,,,,,,,NO_DEM_ON_BOUNDARY
4212,1000.0,1.5,33,8.0,8.0,8.0,8.0,8.0,0.0,0.0,0.0,0.0,0.0,8.0,8.0,8.0,OK
4269,500.0,0.75,0,,,,,,,,,,,,,,NO_DEM_ON_BOUNDARY
4280,1400.0,2.1,37,40.0,42.0,43.0,44.2,42.171,0.0,700.0,2100.0,4240.0,939.4,40.0,41.96,45.0,OK
4287,2000.0,3.0,0,,,,,,,,,,,,,,NO_DEM_ON_BOUNDARY
4300,500.0,0.75,0,,,,,,,,,,,,,,NO_DEM_ON_BOUNDARY
4311,20300.0,30.45,221,43.0,45.0,46.0,49.0,45.462,1650.0,13450.0,29675.0,91550.0,20945.95,36.0,45.033,49.0,OK
4327,5000.0,7.5,81,42.0,43.0,44.0,45.0,43.049,0.0,2025.0,6300.0,11300.0,2234.475,42.0,43.124,45.0,OK
4363,53900.0,80.85,556,6.0,7.0,8.0,8.0,7.255,500.0,10450.0,47975.0,47975.0,20018.875,5.0,7.212,9.0,OK
4364,1000.0,1.5,33,7.0,8.0,9.0,10.0,8.312,125.0,700.0,1475.0,2600.0,941.8,6.0,8.175,10.0,OK
4370,42000.0,63.0,634,5.0,6.0,6.0,7.0,6.029,150.0,7775.0,7775.0,48550.0,8957.475,4.0,6.038,8.0,OK
4382,1000.0,1.5,0,,,,,,,,,,,,,,NO_DEM_ON_BOUNDARY
4406,600.0,0.9,0,,,,,,,,,,,,,,NO_DEM_ON_BOUNDARY
4408,75700.0,113.55,461,-3.0,-1.0,-1.0,0.0,-1.391,2675.0,44425.0,44425.0,104800.0,32626.575,-6.0,-1.257,3.0,OK
4416,800.0,1.2,25,0.0,0.0,0.0,0.0,0.0,0.0,0.0,0.0,0.0,0.0,0.0,0.0,0.0,OK
4485,11500.0,17.25,205,1.0,2.0,2.0,3.0,1.899,250.0,3975.0,3975.0,16075.0,3598.775,0.0,1.858,3.0,OK
4493,1100.0,1.65,37,3.0,3.0,4.0,5.2,3.343,0.0,0.0,1150.0,2805.0,394.45,3.0,3.444,6.0,OK
4500,5300.0,7.95,0,,,,,,,,,,,,,,NO_DEM_ON_BOUNDARY
4512,40500.0,60.75,313,39.0,40.0,42.0,44.0,40.657,1150.0,12975.0,77350.0,161375.0,30894.675,38.0,40.369,45.0,OK
4517,24100.0,36.15,229,41.0,42.0,44.0,45.0,42.597,50.0,4550.0,36450.0,59875.0,12281.15,40.0,42.831,46.0,OK
4575,3300.0,4.95,0,,,,,,,,,,,,,,NO_DEM_ON_BOUNDARY
4603,500.0,0.75,25,11.0,11.0,11.0,11.0,11.0,0.0,0.0,0.0,0.0,0.0,11.0,11.0,11.0,OK
4622,2400.0,3.6,0,,,,,,,,,,,,,,NO_DEM_ON_BOUNDARY
4623,3000.0,4.5,0,,,,,,,,,,,,,,NO_DEM_ON_BOUNDARY
4624,1300.0,1.95,37,11.0,12.0,12.0,12.0,11.73,0.0,275.0,275.0,275.0,200.75,11.0,11.845,12.0,OK
4638,900.0,1.35,33,1.0,2.0,2.0,3.0,1.848,0.0,275.0,275.0,1500.0,233.2,1.0,1.868,3.0,OK
4647,2900.0,4.35,69,9.0,9.0,10.0,10.0,9.406,0.0,0.0,2475.0,2475.0,1004.85,9.0,9.344,10.0,OK
4648,447600.0,671.4,102,0.0,0.0,1.0,2.0,0.388,0.0,0.0,16500.0,35225.0,6402.0,0.0,0.23,5.0,OK
4668,800.0,1.2,0,,,,,,,,,,,,,,NO_DEM_ON_BOUNDARY
4727,1000.0,1.5,37,12.0,12.0,12.0,13.0,12.189,0.0,0.0,0.0,1250.0,236.25,12.0,12.153,13.0,OK
4741,800.0,1.2,29,12.0,12.0,13.0,13.0,12.448,0.0,0.0,700.0,700.0,313.6,12.0,12.404,13.0,OK
4790,5600.0,8.4,0,,,,,,,,,,,,,,NO_DEM_ON_BOUNDARY
4805,5200.0,7.8,93,24.0,24.0,25.0,25.0,24.333,0.0,0.0,4575.0,4575.0,1523.475,24.0,24.282,25.0,OK
4806,59100.0,88.65,333,1.0,2.0,3.0,4.4,2.405,775.0,15600.0,60350.0,143035.0,33723.75,0.0,2.147,6.0,OK
4810,72800.0,109.2,809,24.0,30.0,35.0,37.0,30.331,550.0,157350.0,429100.0,575825.0,171500.25,23.0,30.099,41.0,OK
4823,2100.0,3.15,45,7.0,8.0,10.0,11.0,8.556,0.0,550.0,4075.0,6400.0,1384.0,7.0,8.607,11.0,OK
4891,5700.0,8.55,125,6.0,8.0,8.0,9.0,7.68,0.0,3750.0,3750.0,10175.0,2902.0,6.0,7.597,9.0,OK
4895,12000.0,18.0,157,2.0,8.0,8.0,9.0,7.544,1650.0,18950.0,18950.0,31050.0,16043.0,-1.0,6.787,10.0,OK
4943,2200.0,3.3,0,,,,,,,,,,,,,,NO_DEM_ON_BOUNDARY
4956,40700.0,61.05,373,2.0,7.0,9.0,12.0,7.162,11950.0,66000.0,133900.0,258725.0,71115.15,-9.0,6.312,14.0,OK
4970,533600.0,800.4,1981,-2.0,1.0,2.0,9.0,1.522,65775.0,311425.0,576925.0,3715350.0,450016.0,-24.0,2.405,14.0,OK
5018,1500.0,2.25,45,7.0,7.0,7.0,8.0,7.233,50.0,50.0,50.0,1825.0,463.575,6.0,7.12,8.0,OK
5022,1100.0,1.65,0,,,,,,,,,,,,,,NO_DEM_ON_BOUNDARY
5127,3500.0,5.25,0,,,,,,,,,,,,,,NO_DEM_ON_BOUNDARY
5166,1200.0,1.8,37,8.0,9.0,9.0,9.0,8.811,0.0,150.0,150.0,150.0,121.65,8.0,8.91,9.0,OK
5224,2700.0,4.05,49,1.0,2.0,2.0,3.0,1.878,0.0,1050.0,1050.0,4200.0,921.9,1.0,1.737,3.0,OK
5225,10400.0,15.6,149,5.0,6.0,7.0,7.0,6.0,0.0,3650.0,11150.0,11150.0,3650.0,5.0,6.173,8.0,OK
5231,4400.0,6.6,85,7.0,8.0,8.0,8.0,7.7,75.0,1450.0,1450.0,1450.0,1037.5,6.0,7.744,9.0,OK
5234,84100.0,126.15,626,24.0,26.0,27.0,29.0,25.892,825.0,63325.0,126050.0,299050.0,58718.8,23.0,25.747,30.0,OK
5256,6400.0,9.6,0,,,,,,,,,,,,,,NO_DEM_ON_BOUNDARY
5285,900.0,1.35,33,8.0,8.0,8.0,8.0,8.0,100.0,100.0,100.0,100.0,100.0,7.0,7.925,8.0,OK
5311,101300.0,151.95,773,34.0,37.0,38.0,44.0,36.791,725.0,72700.0,151275.0,782775.0,63587.6,33.0,36.967,46.0,OK
5414,20300.0,30.45,281,7.0,8.0,8.0,9.0,7.907,1200.0,6375.0,6375.0,29100.0,5893.725,5.0,7.779,9.0,OK
5475,1300.0,1.95,53,0.0,1.0,1.0,1.0,0.755,0.0,375.0,375.0,375.0,283.125,0.0,0.81,1.0,OK
5479,22000.0,33.0,297,5.0,9.0,12.0,13.0,9.33,425.0,26075.0,81875.0,104650.0,31487.0,4.0,8.949,14.0,OK
5483,1200.0,1.8,45,0.0,0.0,0.0,0.8,0.0,0.0,0.0,0.0,1360.0,0.0,0.0,0.042,1.0,OK
5487,6200.0,9.3,0,,,,,,,,,,,,,,NO_DEM_ON_BOUNDARY
5516,387200.0,580.8,2419,0.0,0.0,1.0,5.0,0.576,41000.0,41000.0,315775.0,1873050.0,199270.4,-9.0,0.609,17.0,OK
5647,700.0,1.05,25,7.0,10.0,10.0,11.0,9.56,0.0,600.0,600.0,1375.0,446.0,7.0,9.659,11.0,OK
5727,60100.0,90.15,529,12.0,14.0,16.0,18.0,14.658,275.0,27300.0,127000.0,244850.0,57913.45,11.0,14.372,21.0,OK
5736,1800.0,2.7,53,13.0,15.0,15.0,15.0,14.377,0.0,1375.0,1375.0,1375.0,658.55,13.0,14.444,15.0,OK
5738,1700.0,2.55,45,8.0,8.0,8.0,9.0,8.178,150.0,150.0,150.0,2150.0,506.0,7.0,8.055,9.0,OK
5771,23300.0,34.95,297,8.0,9.0,11.0,11.2,9.534,2000.0,8275.0,42875.0,47780.0,15897.85,7.0,9.531,13.0,OK
5775,800.0,1.2,29,12.0,13.0,13.0,13.0,12.828,0.0,150.0,150.0,150.0,124.2,12.0,12.872,13.0,OK
5784,22200.0,33.3,249,6.0,7.0,7.0,8.0,6.885,150.0,6125.0,6125.0,28325.0,5437.875,5.0,6.882,8.0,OK
5837,18100.0,27.15,0,,,,,,,,,,,,,,NO_DEM_ON_BOUNDARY
5924,7200.0,10.8,121,9.0,10.0,10.0,11.0,9.587,0.0,4050.0,4050.0,12550.0,2377.35,9.0,9.562,11.0,OK
5931,4000.0,6.0,93,10.0,11.0,11.0,11.0,10.699,0.0,1325.0,1325.0,1325.0,926.175,10.0,10.744,11.0,OK
5933,18100.0,27.15,287,15.0,16.0,16.0,17.0,15.846,500.0,6150.0,6150.0,24975.0,5279.9,14.0,15.857,18.0,OK
5959,7100.0,10.65,125,19.0,20.0,20.0,21.0,19.811,75.0,4200.0,4200.0,11450.0,3420.375,18.0,19.68,21.0,OK
5982,800.0,1.2,29,20.0,21.0,21.0,21.0,20.862,0.0,100.0,100.0,100.0,86.2,20.0,20.915,21.0,OK
5989,23400.0,35.1,333,14.0,16.0,16.0,17.0,15.721,400.0,11500.0,11500.0,35625.0,8800.675,13.0,15.707,17.0,OK
6067,2400.0,3.6,57,22.0,23.0,23.0,24.0,22.842,0.0,700.0,700.0,3525.0,589.4,22.0,22.872,24.0,OK
6116,54200.0,81.3,437,16.0,20.0,21.0,22.0,19.381,200.0,47625.0,88100.0,142475.0,31128.65,15.0,19.641,23.0,OK
6117,10600.0,15.9,0,,,,,,,,,,,,,,NO_DEM_ON_BOUNDARY
6121,284100.0,426.15,2044,3.0,5.0,6.0,7.0,5.285,20525.0,126275.0,292975.0,557050.0,173784.5,-1.0,5.236,9.0,OK
6178,11000.0,16.5,161,16.0,19.0,21.0,22.0,18.923,0.0,7950.0,24375.0,34750.0,7482.225,16.0,19.37,23.0,OK
6186,3300.0,4.95,61,20.0,20.0,21.0,21.0,20.426,0.0,0.0,2400.0,2400.0,1022.4,20.0,20.411,21.0,OK
6221,5000.0,7.5,85,19.0,20.0,21.0,21.0,20.353,0.0,450.0,4675.0,4675.0,1941.425,19.0,20.23,21.0,OK
6238,137400.0,206.1,1101,6.0,7.0,8.0,8.0,7.294,175.0,11200.0,98175.0,98175.0,36770.65,5.0,7.364,10.0,OK
6277,1000.0,1.5,37,12.0,13.0,13.0,13.0,12.649,0.0,450.0,450.0,450.0,292.05,12.0,12.695,13.0,OK
6287,7900.0,11.85,121,21.0,22.0,22.0,23.0,21.868,0.0,3550.0,3550.0,11975.0,3081.4,21.0,21.729,23.0,OK
6289,2600.0,3.9,49,18.0,19.0,19.0,20.0,18.816,0.0,600.0,600.0,3700.0,489.6,18.0,18.853,20.0,OK
6320,700.0,1.05,33,0.0,0.0,0.0,0.0,0.0,0.0,0.0,0.0,0.0,0.0,0.0,0.0,0.0,OK
6339,1200.0,1.8,37,21.0,21.0,21.0,22.0,21.162,0.0,0.0,0.0,1525.0,247.05,21.0,21.09,22.0,OK
6355,20200.0,30.3,333,26.0,28.0,29.0,33.0,28.084,1400.0,20250.0,36875.0,124675.0,21646.5,25.0,27.888,34.0,OK
6377,500.0,0.75,21,28.0,28.0,28.0,28.0,28.0,25.0,25.0,25.0,25.0,25.0,27.0,27.968,28.0,OK
6438,3700.0,5.55,93,19.0,21.0,21.0,21.0,20.495,0.0,2850.0,2850.0,2850.0,1713.75,19.0,20.415,21.0,OK
6462,2000.0,3.0,41,27.0,28.0,28.0,28.0,27.575,0.0,1150.0,1150.0,1150.0,661.25,27.0,27.554,29.0,OK
6481,41100.0,61.65,430,10.0,13.0,15.0,16.0,13.271,0.0,27550.0,84775.0,126650.0,34203.05,10.0,13.315,18.0,OK
6506,131100.0,196.65,1107,5.0,7.0,9.0,11.0,7.51,650.0,58425.0,248475.0,517600.0,101634.75,4.0,7.431,13.0,OK
6530,3100.0,4.65,53,15.0,16.0,17.0,17.0,16.34,0.0,175.0,2750.0,2750.0,1050.5,15.0,16.272,17.0,OK
6611,439600.0,659.4,2402,26.0,29.0,32.0,37.0,29.914,3275.0,459075.0,1370625.0,3454800.0,694955.55,25.0,29.66,40.0,OK
6647,5700.0,8.55,73,8.0,10.0,13.0,15.4,10.551,0.0,1500.0,12550.0,24450.0,3263.2,8.0,11.823,18.0,OK
6688,3600.0,5.4,81,8.0,10.0,10.0,13.0,9.762,0.0,2575.0,2575.0,15375.0,2009.75,8.0,9.686,14.0,OK
6693,5600.0,8.4,73,13.0,14.0,14.0,14.0,13.849,0.0,1875.0,1875.0,1875.0,1591.875,13.0,13.713,14.0,OK
6703,5400.0,8.1,109,12.0,13.0,13.0,14.0,12.692,175.0,2575.0,2575.0,8175.0,1835.8,11.0,12.793,14.0,OK
6709,8600.0,12.9,129,10.0,12.0,12.0,12.0,11.464,400.0,6800.0,6800.0,6800.0,3852.0,8.0,11.337,13.0,OK
6736,700.0,1.05,29,12.0,12.0,12.0,12.0,12.0,0.0,0.0,0.0,0.0,0.0,12.0,12.0,12.0,OK
6762,8100.0,12.15,81,10.0,10.0,11.0,11.0,10.358,0.0,0.0,7050.0,7050.0,2523.9,10.0,10.227,11.0,OK
6784,1200.0,1.8,33,13.0,13.0,13.0,13.0,13.0,0.0,0.0,0.0,0.0,0.0,13.0,13.0,13.0,OK
6787,29400.0,44.1,213,4.0,6.0,7.0,8.0,5.709,0.0,38950.0,65100.0,95525.0,32475.25,4.0,5.022,8.0,OK
6789,10700.0,16.05,145,8.0,10.0,13.0,14.0,10.842,100.0,4175.0,24650.0,36325.0,8153.45,7.0,11.106,15.0,OK
6801,12800.0,19.2,221,9.0,10.0,10.0,12.0,10.149,0.0,1800.0,1800.0,28925.0,3561.925,9.0,10.143,12.0,OK
6840,28000.0,42.0,209,14.0,16.0,16.0,17.0,15.806,5250.0,23300.0,23300.0,48650.0,20598.55,11.0,15.434,18.0,OK
6863,800.0,1.2,29,13.0,13.0,14.0,14.0,13.379,0.0,0.0,550.0,550.0,208.45,13.0,13.532,14.0,OK
6878,28200.0,42.3,334,12.0,14.0,16.0,17.0,14.312,0.0,10875.0,51550.0,80575.0,16444.2,12.0,14.51,18.0,OK
6879,6500.0,9.75,105,11.0,12.0,12.0,13.0,11.961,75.0,2000.0,2000.0,8075.0,1924.925,10.0,11.987,14.0,OK
6902,308600.0,462.9,2330,8.0,12.0,15.0,17.0,12.088,4625.0,498400.0,1314850.0,1939775.0,520580.4,7.0,11.279,19.0,OK
6933,4600.0,6.9,117,10.0,12.0,12.0,13.0,11.949,0.0,1450.0,1450.0,6350.0,1386.25,10.0,11.955,13.0,OK
6939,600.0,0.9,21,1.0,1.0,1.0,1.0,1.0,0.0,0.0,0.0,0.0,0.0,1.0,1.0,1.0,OK
6944,7300.0,10.95,129,12.0,15.0,15.0,16.0,14.098,625.0,11450.0,11450.0,19225.0,7413.55,11.0,13.846,16.0,OK
6964,78600.0,117.9,1099,16.0,19.0,20.0,22.0,19.123,600.0,48200.0,96875.0,255125.0,54187.025,15.0,19.267,23.0,OK
6971,26700.0,40.05,269,7.0,9.0,10.0,13.0,9.367,25.0,14600.0,34675.0,113975.0,21967.525,6.0,9.212,14.0,OK
7006,900.0,1.35,33,11.0,11.0,11.0,11.0,11.0,0.0,0.0,0.0,0.0,0.0,11.0,11.0,11.0,OK
7071,9500.0,14.25,109,10.0,14.0,15.0,15.0,13.346,50.0,10950.0,19275.0,19275.0,7827.15,9.0,13.237,16.0,OK
7097,800.0,1.2,33,12.0,12.0,12.0,12.0,12.0,0.0,0.0,0.0,0.0,0.0,12.0,12.0,12.0,OK
7124,23700.0,35.55,305,-3.0,0.0,0.0,1.0,-0.238,700.0,8725.0,8725.0,32300.0,7659.95,-5.0,-0.129,4.0,OK
7126,4500.0,6.75,109,9.0,11.0,13.0,15.0,11.565,0.0,3275.0,10575.0,21000.0,5181.875,9.0,11.43,16.0,OK
7145,2300.0,3.45,49,9.0,10.0,10.0,10.0,9.571,0.0,825.0,825.0,825.0,471.075,9.0,9.718,10.0,OK
7150,8600.0,12.9,137,24.0,31.0,32.0,33.0,30.373,75.0,7300.0,15400.0,25300.0,4792.0,23.0,30.55,33.0,OK
7160,6500.0,9.75,101,9.0,10.0,10.0,11.0,9.656,125.0,3400.0,3400.0,10650.0,2273.4,8.0,9.63,11.0,OK
7181,4000.0,6.0,61,14.0,15.0,15.0,16.0,14.984,0.0,450.0,450.0,4950.0,442.8,14.0,14.963,16.0,OK
7190,127200.0,190.8,1085,4.0,5.0,6.0,6.0,4.971,2475.0,43500.0,143750.0,143750.0,42310.275,3.0,5.012,8.0,OK
7195,7300.0,10.95,117,29.0,30.0,31.0,33.0,30.228,0.0,2500.0,9375.0,25350.0,4067.5,29.0,30.123,34.0,OK
7223,346600.0,519.9,3167,11.0,16.0,18.0,20.0,15.783,12025.0,567775.0,1036900.0,1688800.0,530082.1,9.0,15.648,22.0,OK
7233,1200.0,1.8,41,14.0,14.0,15.0,15.0,14.366,0.0,0.0,1050.0,1050.0,384.3,14.0,14.391,15.0,OK
7257,800.0,1.2,33,6.0,7.0,7.0,7.0,6.697,0.0,300.0,300.0,300.0,209.1,6.0,6.755,7.0,OK
7265,185300.0,277.95,1521,-1.0,0.0,1.0,2.0,0.278,475.0,8900.0,166875.0,366150.0,52817.05,-2.0,0.258,9.0,OK
7287,4700.0,7.05,69,6.0,7.0,8.0,8.0,7.319,0.0,475.0,4075.0,4075.0,1623.4,6.0,7.269,8.0,OK
7300,58300.0,87.45,530,16.0,19.0,21.0,22.0,19.158,775.0,54625.0,128500.0,189200.0,59736.3,15.0,19.099,24.0,OK
7308,28700.0,43.05,213,20.0,21.0,22.0,23.0,21.197,1050.0,10225.0,32575.0,60450.0,14627.95,19.0,21.155,25.0,OK
7322,17200.0,25.8,261,-1.0,0.0,1.0,7.0,1.115,0.0,750.0,15600.0,126950.0,17595.25,-1.0,0.801,8.0,OK
7351,165400.0,248.1,0,,,,,,,,,,,,,,NO_DEM_ON_BOUNDARY
7354,1200.0,1.8,37,11.0,13.0,13.0,13.0,12.297,0.0,1150.0,1150.0,1150.0,605.175,11.0,12.313,13.0,OK
7377,1600.0,2.4,37,30.0,31.0,31.0,31.0,30.703,0.0,800.0,800.0,800.0,562.4,30.0,30.614,31.0,OK
7389,4300.0,6.45,69,5.0,6.0,6.0,7.0,5.942,0.0,900.0,900.0,5600.0,847.8,5.0,5.918,7.0,OK
7410,6000.0,9.0,117,30.0,32.0,32.0,33.0,31.922,0.0,2150.0,2150.0,7800.0,2013.5,30.0,31.96,34.0,OK
7412,500.0,0.75,25,12.0,14.0,14.0,15.0,13.64,0.0,375.0,375.0,1125.0,267.0,12.0,13.636,15.0,OK
7415,7700.0,11.55,93,32.0,33.0,34.0,34.0,33.29,0.0,1525.0,7400.0,7400.0,3228.75,32.0,33.166,34.0,OK
7422,4200.0,6.3,101,32.0,35.0,36.0,39.0,35.079,0.0,3500.0,6475.0,21025.0,3735.025,32.0,35.16,39.0,OK
7430,11000.0,16.5,117,19.0,20.0,20.0,21.0,20.009,50.0,4050.0,4050.0,15650.0,4154.4,18.0,19.745,21.0,OK
7446,16700.0,25.05,209,9.0,11.0,12.0,12.0,10.722,0.0,12100.0,27175.0,27175.0,9514.6,9.0,10.594,12.0,OK
7459,1600.0,2.4,45,6.0,11.0,12.0,13.0,10.023,75.0,3250.0,4825.0,6900.0,2224.15,5.0,9.828,13.0,OK
7461,4600.0,6.9,105,13.0,14.0,14.0,15.0,13.952,0.0,750.0,750.0,6300.0,714.0,13.0,13.937,15.0,OK
7483,1000.0,1.5,33,10.6,11.0,12.0,13.0,11.71,60.0,100.0,875.0,2175.0,650.25,10.0,11.474,13.0,OK
7496,1600.0,2.4,41,12.0,13.0,13.0,13.0,12.854,0.0,225.0,225.0,225.0,192.15,12.0,12.894,13.0,OK
7514,8200.0,12.3,145,15.0,16.0,17.0,18.0,16.443,0.0,1025.0,6550.0,14925.0,3472.575,15.0,16.544,20.0,OK
7542,8300.0,12.45,93,6.0,10.0,11.0,14.0,9.711,75.0,12600.0,20150.0,45700.0,10800.975,5.0,9.185,15.0,OK
7543,900.0,1.35,25,31.0,33.0,33.0,33.0,32.32,0.0,775.0,775.0,775.0,384.0,31.0,32.367,33.0,OK
7563,6600.0,9.9,129,32.0,32.0,33.0,34.0,32.383,0.0,0.0,6325.0,14200.0,2422.475,32.0,32.277,35.0,OK
7592,700.0,1.05,29,9.0,10.0,11.0,12.6,10.0,25.0,450.0,1125.0,2650.0,450.0,8.0,10.163,13.0,OK
7623,2700.0,4.05,57,13.0,13.0,13.0,14.0,13.14,0.0,0.0,0.0,3075.0,430.5,13.0,13.102,14.0,OK
7656,5300.0,7.95,73,20.0,21.0,23.0,24.0,21.671,0.0,1250.0,9725.0,15425.0,3615.275,20.0,21.534,25.0,OK
7660,10700.0,16.05,121,31.0,32.0,33.0,39.0,33.025,0.0,1800.0,10125.0,79850.0,10396.25,31.0,32.468,39.0,OK
7662,900.0,1.35,29,9.0,11.0,12.0,12.6,10.385,25.0,1175.0,2225.0,2975.0,744.5,8.0,10.275,13.0,OK
7668,26400.0,39.6,401,-1.0,1.0,1.0,3.0,0.652,150.0,17775.0,17775.0,74925.0,12476.7,-2.0,0.641,5.0,OK
7695,2000.0,3.0,61,0.0,2.0,3.0,5.0,2.361,0.0,625.0,2200.0,6875.0,1193.575,0.0,2.523,5.0,OK
7729,50400.0,75.6,385,13.0,15.0,16.0,17.0,15.503,4325.0,13700.0,41750.0,85400.0,27809.15,10.0,15.562,20.0,OK
7732,1400.0,2.1,53,9.0,12.0,12.0,13.0,11.137,50.0,2275.0,2275.0,3875.0,1412.0,8.0,11.133,13.0,OK
7736,54500.0,81.75,435,5.0,10.0,12.0,14.0,9.628,3400.0,109600.0,196050.0,304125.0,96645.1,-11.0,8.973,17.0,OK
7785,33200.0,49.8,301,8.0,10.0,10.0,11.0,9.615,1000.0,20350.0,20350.0,54925.0,13805.0,7.0,9.522,13.0,OK
7834,4200.0,6.3,93,8.0,8.0,8.0,9.0,8.09,300.0,300.0,300.0,5325.0,752.25,7.0,8.009,9.0,OK
7857,2100.0,3.15,45,8.0,10.0,11.0,12.0,10.2,0.0,525.0,1650.0,4150.0,750.0,8.0,10.449,12.0,OK
7884,5200.0,7.8,101,12.0,14.0,15.0,16.0,14.175,175.0,2425.0,6175.0,11875.0,3081.25,11.0,14.166,16.0,OK
7904,222600.0,333.9,1560,18.0,22.0,23.0,24.0,21.437,15575.0,332325.0,505400.0,733325.0,262161.125,13.0,20.973,26.0,OK
7924,9000.0,13.5,129,9.0,10.0,10.0,12.6,9.738,75.0,3525.0,3525.0,29610.0,2621.1,8.0,9.828,13.0,OK
7927,2300.0,3.45,69,20.0,21.0,21.0,22.0,21.072,0.0,450.0,450.0,3175.0,646.2,20.0,21.0,22.0,OK
7938,26700.0,40.05,197,19.0,20.0,21.0,22.0,20.181,225.0,9525.0,34625.0,63050.0,14068.1,18.0,19.842,23.0,OK
7948,500.0,0.75,25,8.0,9.0,10.0,10.0,9.0,0.0,250.0,875.0,875.0,250.0,8.0,8.939,10.0,OK
7978,17000.0,25.5,229,24.0,25.0,25.0,26.0,24.952,0.0,1650.0,1650.0,20400.0,1570.8,24.0,24.974,26.0,OK
8000,1300.0,1.95,33,17.0,17.0,18.0,18.0,17.394,0.0,0.0,1000.0,1000.0,394.0,17.0,17.42,18.0,OK
8033,20800.0,31.2,283,22.0,25.0,25.0,26.9,24.313,0.0,22450.0,22450.0,65095.0,13484.65,22.0,24.222,28.0,OK
8099,1000.0,1.5,37,23.0,24.0,24.0,25.0,23.757,0.0,450.0,450.0,1850.0,340.65,23.0,23.746,25.0,OK
8119,4100.0,6.15,93,14.0,15.0,15.0,15.4,14.548,1800.0,4875.0,4875.0,6925.0,3485.1,12.0,14.104,16.0,OK
8120,700.0,1.05,29,3.0,3.0,4.0,4.0,3.448,0.0,0.0,625.0,625.0,280.0,3.0,3.419,4.0,OK
8137,12200.0,18.3,137,14.0,15.0,16.0,16.0,15.115,1050.0,4225.0,11450.0,11450.0,5055.875,12.0,15.327,19.0,OK
8150,500.0,0.75,25,3.0,3.0,3.0,4.0,3.12,0.0,0.0,0.0,775.0,93.0,3.0,3.061,4.0,OK
8173,2400.0,3.6,73,21.0,22.0,23.0,23.0,21.877,0.0,1375.0,4050.0,4050.0,1205.875,21.0,21.782,23.0,OK
8184,11500.0,17.25,133,14.0,16.0,17.0,17.4,15.706,0.0,5975.0,16725.0,21895.0,4328.6,14.0,15.75,18.0,OK
8188,157000.0,235.5,0,,,,,,,,,,,,,,NO_DEM_ON_BOUNDARY
8193,2200.0,3.3,53,2.0,4.0,4.0,5.0,3.654,0.0,2175.0,2175.0,4650.0,1595.45,2.0,3.391,6.0,OK
8204,7200.0,10.8,109,14.0,16.0,16.0,17.6,15.418,375.0,7750.0,7750.0,19390.0,5334.7,13.0,15.359,18.0,OK
8205,3100.0,4.65,57,16.0,17.0,18.0,20.0,17.456,0.0,850.0,3300.0,9850.0,1967.2,16.0,17.425,20.0,OK
8206,27300.0,40.95,241,18.0,22.0,23.0,25.0,21.918,3850.0,43300.0,65550.0,120025.0,41832.2,16.0,21.042,25.0,OK
8208,800.0,1.2,37,21.0,22.0,23.0,23.0,22.054,0.0,375.0,1250.0,1250.0,422.25,21.0,22.02,23.0,OK
8215,5800.0,8.7,89,14.0,14.0,14.0,15.0,14.186,75.0,75.0,75.0,4750.0,944.55,13.0,14.314,15.0,OK
8228,9100.0,13.65,97,23.0,23.0,24.0,24.0,23.443,1150.0,1150.0,7975.0,7975.0,4173.475,22.0,23.228,24.0,OK
8257,13200.0,19.8,213,2.0,3.0,4.0,6.0,3.315,0.0,3475.0,13075.0,36900.0,6499.0,2.0,3.883,12.0,OK
8277,42800.0,64.2,334,18.0,21.0,22.0,23.0,20.867,50.0,45500.0,80575.0,124325.0,42281.4,17.0,20.357,24.0,OK
8289,4800.0,7.2,73,17.0,18.0,18.0,18.0,17.797,25.0,775.0,775.0,775.0,622.75,16.0,17.882,19.0,OK
8295,7300.0,10.95,89,20.4,23.0,24.0,24.6,22.987,110.0,3325.0,8225.0,13175.0,3299.325,20.0,23.045,25.0,OK
8314,900.0,1.35,37,22.0,23.0,23.0,23.0,22.676,0.0,475.0,475.0,475.0,321.1,22.0,22.655,23.0,OK
8340,4000.0,6.0,61,15.0,17.0,19.0,19.0,17.317,25.0,1850.0,7450.0,7450.0,2618.725,14.0,17.44,19.0,OK
8371,67700.0,101.55,509,21.0,23.0,25.0,26.0,23.508,8125.0,49300.0,161575.0,225525.0,75246.1,18.0,23.019,29.0,OK
8380,11700.0,17.55,189,15.0,17.0,17.0,19.0,16.807,400.0,6925.0,6925.0,31400.0,5998.6,14.0,16.769,19.0,OK
8497,7800.0,11.7,89,24.0,25.0,26.0,26.6,25.131,0.0,950.0,5300.0,10535.0,1519.85,24.0,25.429,27.0,OK
8553,3900.0,5.85,73,20.0,21.0,22.0,22.0,21.151,0.0,2050.0,6225.0,6225.0,2680.425,20.0,20.71,22.0,OK
8554,43200.0,64.8,377,17.0,20.0,21.0,21.0,19.695,850.0,19575.0,53850.0,53850.0,15518.5,15.0,19.897,23.0,OK
8560,12000.0,18.0,129,4.0,5.0,6.0,6.0,5.298,875.0,2700.0,9800.0,9800.0,4815.8,0.0,5.418,10.0,OK
8590,142400.0,213.6,1223,0.0,2.0,2.0,6.0,1.783,2900.0,84150.0,84150.0,671100.0,68770.125,-6.0,1.787,12.0,OK
8603,1100.0,1.65,37,9.8,12.0,13.0,13.0,12.057,65.0,425.0,1275.0,1275.0,473.45,8.0,12.19,13.0,OK
8701,18700.0,28.05,169,19.0,21.0,22.0,23.0,21.018,0.0,6675.0,19300.0,38400.0,6902.25,19.0,21.156,23.0,OK
8762,1200.0,1.8,37,10.8,11.0,12.0,12.0,11.286,40.0,50.0,1450.0,1450.0,450.4,10.0,11.134,12.0,OK
8776,17100.0,25.65,145,7.0,8.0,8.0,8.0,7.524,100.0,9125.0,9125.0,9125.0,4829.1,6.0,7.518,8.0,OK
8796,700.0,1.05,29,0.0,1.0,1.0,1.0,0.69,0.0,275.0,275.0,275.0,189.75,0.0,0.744,1.0,OK
8844,1700.0,2.55,45,7.0,8.0,8.0,9.0,7.889,0.0,350.0,350.0,2525.0,311.15,7.0,7.89,9.0,OK
8883,27000.0,40.5,301,1.0,1.0,2.0,4.0,1.528,3275.0,3275.0,23600.0,80700.0,14006.6,0.0,1.386,5.0,OK
8916,700.0,1.05,33,14.0,15.0,15.0,15.0,14.818,0.0,150.0,150.0,150.0,122.7,14.0,14.867,15.0,OK
8966,19100.0,28.65,229,7.0,11.0,12.0,13.0,10.721,1025.0,23625.0,39075.0,57725.0,20374.65,5.0,10.376,15.0,OK
8981,1300.0,1.95,41,7.0,8.0,8.0,9.0,7.756,0.0,900.0,900.0,2475.0,680.4,7.0,7.644,9.0,OK
8984,31600.0,47.4,373,13.0,14.0,15.0,18.0,14.635,50.0,3975.0,24500.0,125400.0,17008.375,12.0,14.543,18.0,OK
8995,900.0,1.35,33,7.0,8.0,8.0,8.0,7.625,0.0,350.0,350.0,350.0,218.75,7.0,7.755,9.0,OK
8997,2100.0,3.15,49,1.0,1.0,2.0,2.0,1.306,0.0,0.0,2100.0,2100.0,642.6,1.0,1.229,2.0,OK
9035,900.0,1.35,29,1.0,3.0,3.0,4.0,2.31,0.0,925.0,925.0,2125.0,493.75,1.0,2.333,4.0,OK
9043,80200.0,120.3,490,25.0,26.0,27.0,28.0,26.306,775.0,17025.0,66375.0,144750.0,32126.1,24.0,26.33,29.0,OK
9054,3200.0,4.8,101,11.0,13.0,16.0,17.0,13.673,0.0,3700.0,12500.0,16100.0,5483.45,11.0,13.402,17.0,OK
9067,600.0,0.9,25,2.0,3.0,3.0,4.0,2.833,0.0,150.0,150.0,950.0,124.95,2.0,2.972,5.0,OK
9096,3200.0,4.8,81,7.0,8.0,9.0,10.0,8.086,0.0,1050.0,4325.0,8400.0,1331.65,7.0,8.012,10.0,OK
9106,8900.0,13.35,105,21.0,23.0,24.0,24.0,22.752,0.0,6175.0,14725.0,14725.0,5114.8,21.0,22.56,24.0,OK
9109,1300.0,1.95,37,2.0,2.0,3.0,4.0,2.6,25.0,25.0,950.0,2575.0,580.0,1.0,2.563,5.0,OK
9118,500.0,0.75,25,19.0,20.0,20.0,20.0,19.64,0.0,275.0,275.0,275.0,176.0,19.0,19.667,20.0,OK
9122,43000.0,64.5,353,12.0,14.0,14.0,15.0,13.559,0.0,19375.0,19375.0,54650.0,12671.8,12.0,13.923,17.0,OK
9134,1600.0,2.4,41,19.0,20.0,20.0,21.0,19.634,0.0,925.0,925.0,2925.0,586.45,19.0,19.624,21.0,OK
9154,3500.0,5.25,77,17.0,20.0,20.0,21.2,19.592,50.0,2725.0,2725.0,7005.0,2062.0,16.0,19.648,22.0,OK
9165,23000.0,34.5,305,18.0,20.0,21.0,21.0,19.793,0.0,13850.0,33250.0,33250.0,11645.45,18.0,19.765,22.0,OK
9171,4200.0,6.3,109,13.0,13.0,14.0,14.0,13.275,0.0,0.0,4150.0,4150.0,1141.25,13.0,13.256,14.0,OK
9182,2600.0,3.9,61,18.0,20.0,20.0,21.0,19.525,0.0,1600.0,1600.0,4850.0,970.625,18.0,19.563,21.0,OK
9212,10800.0,16.2,165,16.0,20.0,20.0,24.0,19.396,250.0,13400.0,13400.0,61750.0,8749.2,15.0,19.227,26.0,OK
9213,37100.0,55.65,414,14.0,16.0,18.0,20.0,16.429,300.0,32500.0,85425.0,160750.0,42999.775,13.0,16.195,20.0,OK
9216,35100.0,52.65,245,0.0,1.0,1.0,2.0,0.621,100.0,25300.0,25300.0,60575.0,15749.2,-1.0,0.414,3.0,OK
9235,50100.0,75.15,370,10.0,14.0,16.0,17.0,14.298,2925.0,32000.0,92700.0,139800.0,39375.5,7.0,14.49,19.0,OK
9247,22400.0,33.6,234,1.0,7.0,9.0,13.0,6.08,725.0,40475.0,73625.0,159050.0,30539.0,0.0,6.731,14.0,OK
9253,4200.0,6.3,69,22.0,23.0,23.0,23.0,22.681,0.0,1125.0,1125.0,1125.0,766.125,22.0,22.778,23.0,OK
9259,12000.0,18.0,157,12.0,13.0,15.0,16.0,13.592,0.0,2975.0,20575.0,34050.0,7770.2,12.0,13.564,16.0,OK
9273,3100.0,4.65,53,21.0,22.0,22.0,22.0,21.604,0.0,1450.0,1450.0,1450.0,875.8,21.0,21.616,22.0,OK
9279,25700.0,38.55,253,31.0,31.0,32.0,34.0,31.751,0.0,0.0,13250.0,63025.0,9950.75,31.0,31.829,36.0,OK
9306,36700.0,55.05,297,11.0,13.0,15.0,17.0,13.375,0.0,12250.0,68125.0,140125.0,21850.0,11.0,13.567,18.0,OK
9326,4900.0,7.35,73,9.0,13.0,13.0,14.0,12.151,0.0,7850.0,7850.0,12900.0,4878.5,9.0,11.785,14.0,OK
9355,194000.0,291.0,923,7.0,9.0,10.0,11.9,8.795,1050.0,143900.0,310750.0,683507.5,119412.75,6.0,8.576,13.0,OK
9396,1000.0,1.5,41,18.0,19.0,19.0,19.0,18.805,0.0,350.0,350.0,350.0,281.75,18.0,18.77,19.0,OK
9399,21900.0,32.85,241,20.0,21.0,22.0,26.0,21.845,0.0,650.0,16300.0,107375.0,13874.25,20.0,21.695,27.0,OK
9440,47900.0,71.85,297,17.0,19.0,19.0,21.0,18.745,550.0,27125.0,27125.0,107975.0,21808.25,16.0,19.082,27.0,OK
9443,2000.0,3.0,53,19.0,19.0,20.0,20.0,19.396,0.0,0.0,1850.0,1850.0,732.6,19.0,19.302,20.0,OK
9461,37100.0,55.65,270,19.0,21.0,22.0,23.0,21.155,2675.0,24450.0,57100.0,96375.0,29510.75,12.0,20.629,25.0,OK
9465,900.0,1.35,29,29.0,30.0,30.0,30.0,29.759,0.0,200.0,200.0,200.0,151.8,29.0,29.843,30.0,OK
9467,800.0,1.2,29,14.4,15.0,15.0,15.0,15.0,80.0,200.0,200.0,200.0,200.0,14.0,14.83,15.0,OK
9486,25600.0,38.4,221,0.0,0.0,0.0,0.0,0.0,0.0,0.0,0.0,0.0,0.0,0.0,0.003,1.0,OK
9501,7600.0,11.4,125,20.0,21.0,22.0,22.0,21.033,0.0,2150.0,6825.0,6825.0,2304.275,20.0,21.259,23.0,OK
9516,1000.0,1.5,33,15.0,15.0,16.0,16.0,15.364,0.0,0.0,925.0,925.0,336.7,15.0,15.351,16.0,OK
9543,1600.0,2.4,53,10.0,10.0,10.0,10.0,10.0,100.0,100.0,100.0,100.0,100.0,9.0,10.0,11.0,OK
9564,1200.0,1.8,33,20.0,21.0,21.0,22.0,20.879,0.0,575.0,575.0,1900.0,505.425,20.0,20.831,22.0,OK
9567,13500.0,20.25,173,8.0,9.0,9.0,10.0,9.042,675.0,5475.0,5475.0,19300.0,6055.65,6.0,8.777,11.0,OK
9570,7900.0,11.85,121,11.0,14.0,14.0,16.0,13.534,75.0,9300.0,9300.0,26450.0,6888.45,10.0,13.194,16.0,OK
9609,19600.0,29.4,205,0.0,1.0,1.0,3.0,0.726,1800.0,15800.0,15800.0,58725.0,11964.0,-3.0,0.36,6.0,OK
9630,5800.0,8.7,85,19.2,20.0,21.0,21.0,20.438,25.0,125.0,3225.0,3225.0,1482.8,19.0,20.531,21.0,OK
9658,2000.0,3.0,57,12.8,14.0,15.0,15.0,14.148,40.0,300.0,2600.0,2600.0,640.4,12.0,14.046,15.0,OK
9670,9900.0,14.85,105,10.0,11.0,11.0,12.0,11.029,0.0,875.0,875.0,11100.0,1171.525,10.0,11.011,12.0,OK
9685,7900.0,11.85,109,14.0,18.0,18.0,19.0,16.762,1575.0,20775.0,20775.0,29700.0,13650.5,13.0,15.798,19.0,OK
9686,352300.0,528.45,2869,8.0,9.0,10.0,10.0,8.994,11050.0,108200.0,403550.0,403550.0,107617.1,6.0,8.993,12.0,OK
9699,500.0,0.75,25,15.0,16.0,16.0,17.0,15.84,0.0,275.0,275.0,950.0,231.0,15.0,15.848,17.0,OK
9704,5700.0,8.55,89,13.0,16.0,17.0,19.0,15.932,0.0,3825.0,8575.0,20075.0,3643.1,13.0,16.062,20.0,OK
9724,7200.0,10.8,93,8.0,9.0,10.0,11.0,9.303,25.0,2850.0,8775.0,16825.0,4645.275,7.0,9.027,15.0,OK
9728,7300.0,10.95,93,12.0,13.0,14.0,14.4,12.805,1550.0,6225.0,12550.0,15890.0,5313.375,10.0,12.534,15.0,OK
9749,5600.0,8.4,85,16.0,18.0,19.0,19.0,17.643,0.0,3300.0,7325.0,7325.0,2523.525,16.0,17.906,20.0,OK
9753,9600.0,14.4,145,10.0,15.0,16.0,18.0,15.235,250.0,7150.0,14200.0,33425.0,8806.75,8.0,15.112,19.0,OK
9790,3900.0,5.85,117,5.0,9.0,9.0,10.0,8.53,0.0,2775.0,2775.0,7175.0,2117.0,5.0,8.665,10.0,OK
9803,23900.0,35.85,173,17.0,18.0,18.0,20.0,18.12,0.0,3625.0,3625.0,48725.0,6016.0,17.0,18.138,21.0,OK
9810,12100.0,18.15,137,12.0,13.0,14.0,14.0,13.08,0.0,3650.0,12675.0,12675.0,4372.0,12.0,13.083,14.0,OK
9816,2600.0,3.9,65,14.0,16.0,16.0,17.0,15.613,125.0,2275.0,2275.0,5425.0,1559.05,12.0,15.423,18.0,OK
9826,800.0,1.2,29,-14.0,-10.0,-8.0,-7.4,-9.852,0.0,450.0,1550.0,2225.0,516.6,-14.0,-9.277,-7.0,OK
9831,900.0,1.35,33,13.0,13.0,14.0,14.0,13.364,0.0,0.0,875.0,875.0,318.5,13.0,13.34,14.0,OK
9841,95700.0,143.55,679,14.0,14.0,15.0,15.0,14.426,1675.0,1675.0,64300.0,64300.0,28353.25,13.0,14.388,16.0,OK
9843,3900.0,5.85,117,8.0,10.0,10.0,10.0,9.513,0.0,2200.0,2200.0,2200.0,1226.0,8.0,9.589,10.0,OK
9853,7100.0,10.65,130,15.0,16.0,17.0,18.0,16.546,0.0,575.0,5650.0,13050.0,3345.95,15.0,16.5,18.0,OK
9863,500.0,0.75,21,0.0,0.0,0.0,1.0,0.143,0.0,0.0,0.0,700.0,100.1,0.0,0.097,1.0,OK
9877,1300.0,1.95,41,18.0,18.0,19.0,19.0,18.41,25.0,25.0,900.0,900.0,383.75,17.0,18.507,19.0,OK
9904,5600.0,8.4,77,4.0,6.0,7.0,9.0,6.203,75.0,2125.0,5300.0,16200.0,2769.525,3.0,6.544,10.0,OK
9908,1200.0,1.8,41,0.0,1.0,3.0,5.0,1.744,125.0,875.0,3100.0,6100.0,1637.6,-4.0,1.464,5.0,OK
9911,1400.0,2.1,41,13.0,13.0,14.0,14.0,13.415,0.0,0.0,1325.0,1325.0,549.875,13.0,13.312,14.0,OK
9933,6200.0,9.3,105,44.0,46.0,46.0,48.0,45.905,0.0,3150.0,3150.0,17025.0,2895.875,44.0,45.738,48.0,OK
9939,8500.0,12.75,161,-1.0,0.0,0.0,1.0,0.169,0.0,675.0,675.0,9375.0,2145.3,-1.0,0.119,2.0,OK
9944,55700.0,83.55,454,31.0,33.0,35.0,39.0,33.896,75.0,29275.0,116050.0,340475.0,64219.0,30.0,33.453,40.0,OK
9951,47100.0,70.65,625,20.0,23.0,24.0,25.0,22.865,2950.0,50175.0,92050.0,140175.0,46624.5,18.0,22.49,28.0,OK
10002,7400.0,11.1,81,5.0,7.0,8.0,9.0,7.123,0.0,1250.0,8175.0,15875.0,2101.775,5.0,7.116,9.0,OK
10015,20200.0,30.3,421,0.0,3.0,4.0,6.0,2.91,0.0,14775.0,27725.0,70650.0,14010.0,0.0,3.228,7.0,OK
10016,11200.0,16.8,169,11.0,12.0,12.0,13.0,12.048,0.0,2425.0,2425.0,12325.0,2900.2,11.0,12.077,14.0,OK
10028,8800.0,13.2,197,13.0,16.0,18.0,19.0,16.208,0.0,5825.0,19475.0,28175.0,7140.6,13.0,16.501,19.0,OK
10036,3100.0,4.65,61,13.0,13.0,14.0,14.0,13.344,0.0,0.0,2375.0,2375.0,817.0,13.0,13.387,14.0,OK
10061,2000.0,3.0,61,17.0,17.0,18.0,19.0,17.482,50.0,50.0,1625.0,4100.0,809.15,16.0,17.55,20.0,OK
10084,1500.0,2.25,49,39.0,41.0,41.0,42.6,40.783,0.0,500.0,500.0,3305.0,424.05,39.0,41.059,43.0,OK
10134,600.0,0.9,21,11.0,11.0,11.0,11.0,11.0,0.0,0.0,0.0,0.0,0.0,11.0,11.0,11.0,OK
10136,31400.0,47.1,345,12.0,14.0,15.0,17.0,14.352,925.0,15375.0,39900.0,105025.0,24007.8,10.0,14.06,17.0,OK
10175,31800.0,47.7,193,16.0,17.0,17.0,18.0,16.958,3450.0,17675.0,17675.0,48625.0,17077.55,14.0,16.584,19.0,OK
10177,4100.0,6.15,113,34.6,38.0,39.0,40.0,37.696,90.0,3800.0,7850.0,13000.0,3078.0,34.0,37.688,42.0,OK
10178,3900.0,5.85,61,9.0,10.0,11.0,11.0,10.18,0.0,525.0,3250.0,3250.0,1015.5,9.0,10.305,11.0,OK
10185,2400.0,3.6,45,11.0,11.0,12.0,12.0,11.295,25.0,25.0,2200.0,2200.0,666.625,10.0,11.261,12.0,OK
10200,4300.0,6.45,73,2.0,3.0,3.0,3.0,2.522,50.0,2350.0,2350.0,2350.0,1250.6,1.0,2.565,4.0,OK
10258,14100.0,21.15,145,19.0,20.0,20.0,22.0,19.778,525.0,6200.0,6200.0,34475.0,4940.15,18.0,19.841,23.0,OK
10266,8400.0,12.6,89,36.0,37.0,38.0,39.0,37.176,450.0,4300.0,12150.0,21125.0,5681.6,35.0,36.793,40.0,OK
10275,700.0,1.05,29,10.0,10.0,11.0,11.0,10.448,0.0,0.0,550.0,550.0,246.4,10.0,10.488,11.0,OK
10283,3500.0,5.25,61,17.0,18.0,19.0,20.0,18.213,0.0,975.0,3650.0,7200.0,1544.775,17.0,18.316,20.0,OK
10337,2200.0,3.3,49,2.0,3.0,3.0,4.0,3.043,50.0,350.0,350.0,3050.0,466.1,1.0,2.92,4.0,OK
10386,43100.0,64.65,413,6.0,10.0,10.0,13.4,9.316,0.0,47200.0,47200.0,193305.0,32032.3,6.0,9.404,14.0,OK
10427,2700.0,4.05,69,0.0,1.0,1.0,3.0,1.116,0.0,350.0,350.0,6900.0,721.2,0.0,1.07,3.0,OK
10437,14800.0,22.2,145,6.0,8.0,9.0,9.0,7.917,425.0,5725.0,16100.0,16100.0,5361.875,4.0,8.066,10.0,OK
10492,13900.0,20.85,213,8.0,9.0,10.0,10.0,9.292,75.0,1775.0,12750.0,12750.0,4979.7,7.0,9.24,11.0,OK
10501,132100.0,198.15,774,8.0,12.0,14.0,19.0,12.636,6400.0,76025.0,272675.0,917750.0,132565.4,3.0,12.539,24.0,OK
10569,37600.0,56.4,405,17.0,19.0,21.0,22.0,19.117,1625.0,32400.0,82100.0,122725.0,34842.375,16.0,19.124,22.0,OK
10575,7000.0,10.5,145,12.0,14.0,18.0,19.0,15.035,0.0,2850.0,21550.0,28450.0,6797.875,12.0,15.779,20.0,OK
10667,3800.0,5.7,57,28.0,30.0,30.0,31.0,29.754,0.0,1800.0,1800.0,5575.0,1394.1,28.0,29.768,31.0,OK
10677,800.0,1.2,37,17.0,17.0,17.0,17.0,17.0,0.0,0.0,0.0,0.0,0.0,17.0,17.0,17.0,OK
10707,600.0,0.9,25,16.0,17.0,17.0,17.0,16.792,0.0,125.0,125.0,125.0,99.0,16.0,16.892,18.0,OK
10733,181300.0,271.95,1313,15.0,17.0,18.0,20.0,17.371,29750.0,90975.0,210200.0,567325.0,135207.475,1.0,17.221,28.0,OK
10772,44700.0,67.05,381,-1.0,0.0,0.0,1.0,0.052,0.0,6450.0,6450.0,51900.0,8813.4,-1.0,-0.049,1.0,OK
10785,5000.0,7.5,97,27.0,28.0,28.0,28.0,27.639,50.0,2750.0,2750.0,2750.0,1775.3,26.0,27.558,28.0,OK
10827,1200.0,1.8,37,30.0,30.0,30.0,30.0,30.0,0.0,0.0,0.0,0.0,0.0,30.0,30.045,31.0,OK
10835,314000.0,471.0,2736,11.0,17.0,21.0,24.0,16.906,11750.0,804525.0,1841450.0,2765225.0,785031.75,9.0,16.099,27.0,OK
10867,2700.0,4.05,57,0.0,0.0,0.0,0.0,0.0,0.0,0.0,0.0,0.0,0.0,0.0,0.0,0.0,OK
10875,66300.0,99.45,734,7.0,8.0,8.0,9.0,8.129,0.0,4075.0,4075.0,62100.0,11560.225,7.0,8.338,15.0,OK
10894,6000.0,9.0,85,15.0,16.0,17.0,17.8,16.175,0.0,275.0,3900.0,8800.0,909.375,15.0,16.583,18.0,OK
10912,4100.0,6.15,69,27.0,28.0,28.0,29.0,27.971,0.0,1325.0,1325.0,5800.0,1286.575,27.0,27.839,30.0,OK
11019,24300.0,36.45,273,12.0,14.0,15.0,16.0,13.833,0.0,13700.0,31475.0,55300.0,11829.6,12.0,14.011,17.0,OK
11041,1000.0,1.5,29,20.0,21.0,22.0,23.0,21.138,0.0,275.0,1375.0,2675.0,426.8,20.0,21.055,23.0,OK
11044,40200.0,60.3,426,21.0,28.0,31.0,31.0,28.214,14900.0,95650.0,179800.0,179800.0,101026.75,17.0,27.063,32.0,OK
11047,23100.0,34.65,237,6.0,8.0,9.0,10.0,7.97,650.0,9475.0,26975.0,48425.0,9274.75,5.0,8.143,10.0,OK
11062,15400.0,23.1,177,9.0,10.0,11.0,12.0,10.31,0.0,525.0,11650.0,25825.0,3973.75,9.0,10.542,13.0,OK
11077,98900.0,148.35,611,-1.0,1.0,2.0,5.0,1.386,0.0,57050.0,141900.0,436675.0,89802.1,-1.0,0.899,5.0,OK
11090,12000.0,18.0,169,19.0,20.0,21.0,23.6,20.132,775.0,6900.0,18525.0,53490.0,8434.5,18.0,19.823,25.0,OK
11183,7100.0,10.65,89,-1.0,1.0,2.0,2.0,0.416,0.0,6650.0,11475.0,11475.0,4591.4,-1.0,0.605,2.0,OK
11207,24300.0,36.45,245,18.0,21.0,24.0,29.8,21.496,5550.0,34175.0,91600.0,241325.0,41677.0,15.0,21.065,35.0,OK
11283,13700.0,20.55,193,-1.0,1.0,1.0,2.4,0.579,375.0,10600.0,10600.0,30530.0,6884.675,-2.0,0.536,3.0,OK
11291,78300.0,117.45,759,13.0,14.0,15.0,16.0,14.364,1225.0,13875.0,53425.0,134700.0,28271.2,11.0,14.465,17.0,OK
11326,21200.0,31.8,269,8.0,9.0,9.0,10.0,9.023,0.0,4900.0,4900.0,26450.0,5395.65,8.0,8.946,12.0,OK
11360,11200.0,16.8,170,-2.0,0.0,1.0,7.0,0.713,200.0,2900.0,11525.0,82975.0,9049.625,-3.0,0.919,19.0,OK
11432,6800.0,10.2,133,13.0,15.0,15.0,15.0,14.667,0.0,2600.0,2600.0,2600.0,1867.4,13.0,14.696,16.0,OK
11469,16900.0,25.35,129,24.4,27.0,28.0,29.0,27.208,200.0,4275.0,10525.0,22925.0,5575.0,23.0,27.765,30.0,OK
11474,3100.0,4.65,65,22.0,23.0,23.0,23.0,22.875,0.0,225.0,225.0,225.0,196.875,22.0,22.949,24.0,OK
11482,44300.0,66.45,474,26.0,27.0,29.0,31.0,27.716,1625.0,15650.0,78725.0,170275.0,34731.4,25.0,27.608,31.0,OK
11531,53400.0,80.1,337,21.0,23.0,23.0,24.0,22.728,1650.0,36675.0,36675.0,88825.0,29711.8,20.0,22.459,25.0,OK
11555,16200.0,24.3,277,17.0,21.0,22.0,22.0,20.472,325.0,16775.0,30500.0,30500.0,12590.6,16.0,20.457,24.0,OK
11567,6300.0,9.45,93,13.0,15.0,16.0,16.0,15.011,0.0,5125.0,10375.0,10375.0,5182.75,13.0,14.612,16.0,OK
11607,900.0,1.35,29,13.0,14.0,14.0,15.0,13.759,0.0,575.0,575.0,1775.0,436.425,13.0,13.608,15.0,OK
11626,3100.0,4.65,57,1.0,1.0,1.0,1.0,1.0,0.0,0.0,0.0,0.0,0.0,1.0,1.0,1.0,OK
11629,10400.0,15.6,145,23.0,24.0,25.0,26.0,24.317,0.0,1325.0,8725.0,19275.0,3670.8,23.0,24.423,26.0,OK
11642,19700.0,29.55,229,21.0,24.0,25.0,27.0,23.963,825.0,12725.0,24600.0,60625.0,12523.35,20.0,24.46,30.0,OK
11646,2400.0,3.6,45,16.0,18.0,18.0,20.0,17.682,25.0,1375.0,1375.0,6575.0,1072.9,15.0,17.79,20.0,OK
11666,71800.0,107.7,682,-1.0,1.0,1.0,3.0,0.82,0.0,35000.0,35000.0,175475.0,29577.5,-1.0,0.866,5.0,OK
11673,41100.0,61.65,293,0.0,2.0,2.0,4.0,1.602,175.0,44125.0,44125.0,130975.0,31309.4,-1.0,1.075,4.0,OK
11694,2400.0,3.6,49,0.0,1.0,2.0,3.0,1.429,0.0,200.0,2075.0,4675.0,1004.375,0.0,1.455,3.0,OK
11702,4000.0,6.0,65,0.0,2.0,3.0,7.8,2.164,0.0,2075.0,5150.0,25725.0,2579.3,0.0,2.477,8.0,OK
11713,1700.0,2.55,37,18.0,19.0,20.0,20.0,19.135,0.0,275.0,1575.0,1575.0,450.5,18.0,19.276,20.0,OK
11716,1000.0,1.5,29,39.0,40.0,42.0,42.0,40.556,25.0,200.0,2150.0,2150.0,658.7,38.0,40.455,43.0,OK
11811,4100.0,6.15,85,21.0,22.0,23.0,23.0,22.188,0.0,725.0,4900.0,4900.0,1509.9,21.0,22.053,23.0,OK
11815,2300.0,3.45,49,-1.0,1.0,1.0,2.0,0.571,0.0,1250.0,1250.0,3450.0,928.25,-1.0,0.821,2.0,OK
11872,4300.0,6.45,73,1.0,2.0,2.0,3.0,1.736,0.0,2200.0,2200.0,7225.0,1619.2,1.0,1.622,4.0,OK
11896,3600.0,5.4,53,21.0,21.0,21.0,22.0,21.17,0.0,0.0,0.0,3075.0,522.75,21.0,21.281,22.0,OK
11902,1100.0,1.65,37,21.0,21.0,21.0,21.0,21.0,25.0,25.0,25.0,25.0,25.0,20.0,20.984,21.0,OK
11927,24000.0,36.0,229,0.0,2.0,3.0,5.0,1.952,0.0,15975.0,37700.0,88075.0,15324.6,0.0,1.723,5.0,OK
11937,2500.0,3.75,65,17.0,19.0,22.0,22.0,19.438,0.0,1925.0,8600.0,8600.0,2768.15,17.0,19.429,23.0,OK
11962,13500.0,20.25,181,11.0,13.0,13.0,13.0,12.601,0.0,7075.0,7075.0,7075.0,4661.05,11.0,12.564,14.0,OK
11963,5700.0,8.55,109,34.0,40.0,41.0,43.0,39.736,175.0,8525.0,13350.0,26050.0,7607.6,33.0,39.318,43.0,OK
11970,7600.0,11.4,121,0.0,1.0,1.0,2.0,0.702,0.0,4450.0,4450.0,13375.0,3123.9,0.0,0.534,2.0,OK
11981,1200.0,1.8,37,10.0,11.0,11.0,12.2,11.029,0.0,100.0,100.0,1875.0,142.05,10.0,11.104,13.0,OK
11985,3300.0,4.95,65,19.2,21.0,22.0,23.0,21.344,65.0,1525.0,3975.0,7650.0,2367.8,19.0,21.145,23.0,OK
11991,8400.0,12.6,177,21.0,22.0,22.0,23.0,22.147,0.0,500.0,500.0,9125.0,1767.875,21.0,22.141,23.0,OK
12010,2500.0,3.75,53,10.0,10.0,10.0,11.0,10.113,0.0,0.0,0.0,2950.0,333.35,10.0,10.071,11.0,OK
12023,3600.0,5.4,53,17.0,18.0,19.0,20.0,18.358,0.0,475.0,3950.0,7975.0,1719.05,17.0,18.135,20.0,OK
12029,67500.0,101.25,565,18.0,22.0,24.0,26.0,22.039,3175.0,99675.0,212700.0,353450.0,101664.975,16.0,21.276,27.0,OK
12031,1300.0,1.95,37,17.0,18.0,18.0,18.0,17.811,0.0,225.0,225.0,225.0,182.475,17.0,17.873,18.0,OK
12040,2100.0,3.15,61,1.0,2.0,2.0,2.0,1.82,0.0,500.0,500.0,500.0,410.0,1.0,1.826,2.0,OK
12042,1700.0,2.55,41,9.0,10.0,11.0,11.0,10.195,0.0,150.0,1525.0,1525.0,418.125,9.0,10.315,11.0,OK
12048,3100.0,4.65,57,40.0,40.0,41.0,42.0,40.474,0.0,0.0,3075.0,6750.0,1457.55,40.0,40.224,42.0,OK
12062,12300.0,18.45,117,14.0,15.0,16.0,17.0,15.353,25.0,850.0,6400.0,18375.0,2809.15,13.0,15.666,17.0,OK
12066,1600.0,2.4,41,20.0,20.0,20.0,21.0,20.171,0.0,0.0,0.0,1975.0,337.725,20.0,20.071,21.0,OK
12080,146700.0,220.05,1461,9.0,10.0,10.0,11.0,9.815,4425.0,57750.0,57750.0,195075.0,47884.875,7.0,9.924,21.0,OK
12088,1300.0,1.95,33,3.0,4.0,4.0,5.0,3.75,25.0,475.0,475.0,2075.0,362.5,2.0,3.797,5.0,OK
12096,10500.0,15.75,121,18.0,20.0,21.0,23.0,20.107,375.0,7475.0,16375.0,38175.0,8427.3,17.0,19.825,23.0,OK
12109,900.0,1.35,37,0.0,1.0,1.0,2.0,0.865,0.0,450.0,450.0,1575.0,389.25,0.0,0.855,2.0,OK
12128,3300.0,4.95,81,42.0,43.0,43.0,44.0,43.026,0.0,650.0,650.0,4500.0,750.1,42.0,42.977,45.0,OK
12133,9900.0,14.85,121,10.0,11.0,11.0,11.0,10.504,0.0,6275.0,6275.0,6275.0,3162.6,10.0,10.451,11.0,OK
12134,41300.0,61.95,369,23.0,26.0,26.0,27.0,25.269,2000.0,47200.0,47200.0,87050.0,29089.475,21.0,25.106,28.0,OK
12149,29600.0,44.4,350,12.0,13.0,15.0,16.0,13.619,0.0,9225.0,56825.0,87375.0,21249.075,12.0,13.432,17.0,OK
12155,600.0,0.9,29,45.0,47.0,47.0,47.6,46.296,0.0,600.0,600.0,1170.0,283.2,45.0,46.41,48.0,OK
12181,8800.0,13.2,109,11.0,12.0,12.0,13.0,12.018,0.0,475.0,475.0,10275.0,651.4,11.0,11.99,13.0,OK
12182,4000.0,6.0,69,11.0,11.0,12.0,12.0,11.42,0.0,0.0,1575.0,1575.0,661.5,11.0,11.677,12.0,OK
12186,800.0,1.2,25,19.2,20.0,20.0,21.0,20.217,10.0,50.0,50.0,950.0,245.3,19.0,20.156,21.0,OK
12196,900.0,1.35,41,17.0,17.0,17.0,18.0,17.077,100.0,100.0,100.0,1450.0,203.95,16.0,16.982,18.0,OK
12201,14300.0,21.45,229,19.0,20.0,21.0,22.0,20.46,200.0,1925.0,12125.0,27125.0,6617.0,18.0,20.421,22.0,OK
12212,10100.0,15.15,137,18.0,19.0,20.0,21.0,19.144,175.0,5025.0,15050.0,25875.0,6468.6,17.0,18.812,21.0,OK
12281,1200.0,1.8,45,19.0,21.0,21.0,22.8,20.643,0.0,625.0,625.0,3460.0,464.35,19.0,20.859,23.0,OK
12301,1100.0,1.65,29,14.0,15.0,15.0,15.6,14.778,0.0,300.0,300.0,1095.0,233.4,14.0,14.898,16.0,OK
12305,4700.0,7.05,69,16.0,17.0,17.0,17.0,16.866,0.0,700.0,700.0,700.0,606.2,16.0,16.879,18.0,OK
12364,2700.0,4.05,77,17.0,17.0,18.0,18.0,17.273,0.0,0.0,2650.0,2650.0,723.45,17.0,17.279,18.0,OK
12391,27600.0,41.4,370,19.0,23.5,25.0,27.0,23.131,275.0,28275.0,48450.0,107125.0,23957.7,18.0,23.685,28.0,OK
12397,1300.0,1.95,41,17.0,17.0,17.0,17.0,17.0,0.0,0.0,0.0,0.0,0.0,17.0,17.0,17.0,OK
12408,600.0,0.9,25,18.0,19.0,19.0,20.0,18.96,0.0,150.0,150.0,975.0,144.0,18.0,18.946,20.0,OK
12415,18500.0,27.75,221,17.0,19.0,19.0,21.0,18.751,250.0,12775.0,12775.0,51350.0,10434.4,14.0,18.633,27.0,OK
12444,11900.0,17.85,213,12.0,13.0,14.0,16.0,13.025,450.0,7550.0,17875.0,44900.0,7808.125,11.0,12.952,17.0,OK
12526,3000.0,4.5,85,15.0,15.0,16.0,16.0,15.432,100.0,100.0,2350.0,2350.0,1072.0,14.0,15.454,17.0,OK
12539,700.0,1.05,25,15.0,15.0,15.0,15.0,15.0,0.0,0.0,0.0,0.0,0.0,15.0,15.0,15.0,OK
12580,1000.0,1.5,33,5.0,5.0,6.0,6.4,5.387,0.0,0.0,875.0,1425.0,338.625,5.0,5.421,7.0,OK
12594,65100.0,97.65,699,14.0,16.0,16.0,17.0,15.635,75.0,28150.0,28150.0,98875.0,19764.125,13.0,15.66,17.0,OK
12598,60000.0,90.0,642,12.0,16.0,17.0,19.0,15.283,75.0,82550.0,135425.0,252750.0,56594.6,11.0,15.329,20.0,OK
12648,37600.0,56.4,265,18.0,19.0,20.0,21.0,19.045,525.0,17550.0,51725.0,91325.0,19087.875,17.0,18.769,22.0,OK
12735,36400.0,54.6,238,5.0,6.0,7.0,8.0,6.502,550.0,10725.0,39050.0,77375.0,24944.15,4.0,6.034,9.0,OK
12750,105300.0,157.95,465,36.0,38.0,40.0,41.0,38.231,1225.0,78175.0,231675.0,335750.0,93467.2,35.0,37.98,42.0,OK
12779,114700.0,172.05,977,11.0,11.0,12.0,12.0,11.35,8700.0,8700.0,102350.0,102350.0,41477.5,9.0,11.225,14.0,OK
12784,33900.0,50.85,421,17.0,19.0,19.0,21.0,18.673,900.0,25200.0,25200.0,94325.0,19175.025,16.0,18.62,24.0,OK
12801,500.0,0.75,25,6.0,6.0,7.0,7.0,6.28,0.0,0.0,675.0,675.0,189.0,6.0,6.182,7.0,OK
12811,82100.0,123.15,466,17.0,19.0,20.0,21.0,19.004,375.0,41750.0,106850.0,188525.0,42010.4,16.0,18.879,23.0,OK
12918,55000.0,82.5,501,12.0,15.0,16.0,17.0,14.736,400.0,38625.0,66175.0,116950.0,33701.4,11.0,15.105,18.0,OK
12954,5800.0,8.7,113,7.0,8.0,9.0,9.0,7.798,0.0,3125.0,8875.0,8875.0,2493.75,7.0,7.824,10.0,OK
12972,29300.0,43.95,346,17.0,19.0,20.0,21.0,19.21,1100.0,18925.0,43150.0,73700.0,24012.25,14.0,18.81,22.0,OK
12982,2300.0,3.45,53,15.0,17.0,17.0,17.0,16.472,0.0,2225.0,2225.0,2225.0,1248.2,15.0,16.252,17.0,OK
13010,7600.0,11.4,89,19.0,20.0,21.0,23.0,20.391,0.0,1375.0,3850.0,14550.0,2342.725,19.0,21.418,24.0,OK
13014,4200.0,6.3,73,12.0,13.0,13.0,14.0,12.658,0.0,3625.0,3625.0,8625.0,2385.25,12.0,12.317,14.0,OK
13029,21200.0,31.8,285,11.0,12.0,13.0,13.0,12.169,0.0,2100.0,22100.0,22100.0,5480.0,11.0,12.129,14.0,OK
13079,76000.0,114.0,503,12.0,15.0,16.5,21.0,15.297,50.0,66725.0,136425.0,413875.0,79458.875,11.0,16.285,26.0,OK
13099,5800.0,8.7,101,31.0,32.0,33.0,34.0,32.119,0.0,1925.0,7175.0,13700.0,2549.75,31.0,32.064,34.0,OK
13123,94100.0,141.15,663,16.0,17.0,19.0,24.0,18.075,6700.0,53700.0,198500.0,674450.0,125286.25,14.0,17.418,26.0,OK
13182,171300.0,256.95,1494,19.0,22.0,24.0,26.0,22.437,7325.0,123025.0,332100.0,636450.0,162562.575,17.0,22.658,28.0,OK
13186,10800.0,16.2,145,30.0,31.0,34.0,35.0,31.985,2200.0,8200.0,34100.0,45400.0,15809.125,27.0,31.448,36.0,OK
13192,11400.0,17.1,153,19.0,21.0,22.0,23.0,21.118,0.0,5625.0,15700.0,28675.0,6813.85,19.0,20.848,23.0,OK
13193,22100.0,33.15,265,16.0,17.0,17.0,18.0,16.788,0.0,8275.0,8275.0,30075.0,6520.7,16.0,16.842,19.0,OK
13202,28700.0,43.05,161,12.0,15.0,16.0,17.0,14.911,2275.0,46000.0,72875.0,102775.0,44070.925,9.0,13.655,17.0,OK
13204,1000.0,1.5,37,13.8,14.0,14.0,14.0,14.0,40.0,50.0,50.0,50.0,50.0,13.0,13.966,14.0,OK
13211,9300.0,13.95,149,12.0,12.0,13.0,13.0,12.43,275.0,275.0,6600.0,6600.0,2994.75,11.0,12.474,16.0,OK
13217,205500.0,308.25,1557,0.0,2.0,3.0,4.0,2.215,12950.0,130125.0,269400.0,461875.0,160069.125,-6.0,2.005,8.0,OK
13222,5200.0,7.8,77,12.0,14.0,15.0,16.0,14.13,0.0,1675.0,5725.0,10625.0,2201.5,12.0,14.279,16.0,OK
13242,122100.0,183.15,1031,0.0,9.0,12.0,15.0,8.894,8650.0,226550.0,524850.0,902750.0,218544.35,-4.0,8.318,16.0,OK
13299,2100.0,3.15,49,44.0,45.0,45.0,45.0,44.551,0.0,1475.0,1475.0,1475.0,812.725,44.0,44.459,45.0,OK
13317,2700.0,4.05,61,30.0,30.0,32.0,32.0,30.738,0.0,0.0,4425.0,4425.0,1125.45,30.0,30.727,32.0,OK
13322,1700.0,2.55,45,9.0,9.0,9.0,10.0,9.163,25.0,25.0,25.0,2100.0,363.225,8.0,9.077,10.0,OK
13325,3000.0,4.5,61,13.0,14.0,14.0,14.0,13.661,0.0,1975.0,1975.0,1975.0,1305.475,13.0,13.49,15.0,OK
13366,1400.0,2.1,41,42.0,43.0,43.0,43.0,42.537,0.0,900.0,900.0,900.0,483.3,42.0,42.532,43.0,OK
13381,19300.0,28.95,149,19.4,23.0,24.0,25.0,22.394,160.0,28400.0,42775.0,61975.0,21309.8,19.0,22.08,26.0,OK
13403,1000.0,1.5,29,18.4,19.0,19.0,20.0,19.185,20.0,50.0,50.0,1275.0,276.625,18.0,19.073,20.0,OK
13418,1200.0,1.8,37,1.8,2.0,2.0,3.0,2.257,40.0,50.0,50.0,1350.0,384.1,1.0,2.194,3.0,OK
13462,800.0,1.2,29,24.0,25.0,25.0,26.0,24.828,0.0,375.0,375.0,1450.0,310.5,24.0,24.766,26.0,OK
13476,34800.0,52.2,233,4.0,6.0,7.0,10.0,6.481,1600.0,11250.0,26250.0,105950.0,18465.0,-2.0,7.192,10.0,OK
13478,17700.0,26.55,141,22.0,25.0,26.0,26.0,24.679,3150.0,17625.0,33450.0,33450.0,15233.55,19.0,24.286,27.0,OK
13519,600.0,0.9,29,42.0,42.0,42.0,42.0,42.0,0.0,0.0,0.0,0.0,0.0,42.0,42.0,42.0,OK
13567,35700.0,53.55,314,12.0,13.0,14.0,14.0,13.19,975.0,5750.0,39500.0,39500.0,12162.5,11.0,13.011,15.0,OK
13575,17200.0,25.8,217,32.0,34.0,36.0,38.0,34.336,175.0,14025.0,42750.0,78175.0,18771.0,31.0,34.078,39.0,OK
13636,17500.0,26.25,149,13.4,17.0,18.0,19.0,17.27,130.0,8875.0,24425.0,43175.0,13073.5,13.0,16.772,19.0,OK
13650,17100.0,25.65,185,30.0,32.0,32.0,33.0,31.556,0.0,9425.0,9425.0,26900.0,5695.4,30.0,31.624,34.0,OK
13660,177300.0,265.95,1042,7.0,10.0,12.0,15.0,10.556,400.0,128975.0,399750.0,921975.0,197029.4,5.0,10.191,17.0,OK
13681,25600.0,38.4,345,24.0,25.0,25.0,26.0,24.79,575.0,9725.0,9725.0,37175.0,7803.5,23.0,24.758,26.0,OK
13702,99600.0,149.4,918,11.0,13.0,14.0,17.0,13.292,0.0,31125.0,108975.0,422450.0,53857.2,11.0,13.235,20.0,OK
13704,43200.0,64.8,450,14.0,15.0,16.0,18.0,15.52,2250.0,14600.0,48050.0,140550.0,31994.0,13.0,15.122,19.0,OK
13800,6100.0,9.15,141,42.0,43.0,44.0,44.0,42.95,0.0,2700.0,8800.0,8800.0,2565.0,42.0,42.883,44.0,OK
13837,40800.0,61.2,531,21.0,26.0,27.0,28.0,25.721,1050.0,32850.0,65650.0,110625.0,28957.95,19.0,25.682,29.0,OK
13851,1600.0,2.4,45,27.0,27.0,28.0,28.0,27.467,0.0,0.0,1300.0,1300.0,607.1,27.0,27.402,28.0,OK
13859,32100.0,48.15,193,19.0,23.0,23.0,25.0,22.661,0.0,28625.0,28625.0,94075.0,22116.2,19.0,22.276,26.0,OK
13883,132700.0,199.05,825,0.0,2.0,3.0,4.0,2.034,25.0,77650.0,188900.0,323050.0,81432.5,-1.0,1.741,4.0,OK
13928,1200.0,1.8,37,45.0,45.0,45.0,45.2,45.0,100.0,100.0,100.0,425.0,100.0,44.0,44.97,46.0,OK
13992,3100.0,4.65,69,11.4,14.0,15.0,16.0,14.194,85.0,2550.0,4725.0,8125.0,2971.95,10.0,14.0,17.0,OK
13999,15600.0,23.4,273,26.0,29.0,29.0,30.0,28.392,0.0,13575.0,13575.0,30275.0,8741.4,26.0,28.409,30.0,OK
14038,1000.0,1.5,41,15.0,15.0,15.0,16.0,15.244,0.0,0.0,0.0,1200.0,292.8,15.0,15.213,16.0,OK
14128,116000.0,174.0,850,13.0,14.0,14.0,16.0,14.006,7150.0,52100.0,52100.0,276500.0,52727.6,11.0,13.825,17.0,OK
14137,3600.0,5.4,77,8.0,14.0,15.0,16.0,13.299,0.0,4050.0,5675.0,9575.0,3243.85,8.0,13.907,16.0,OK
14195,32400.0,48.6,357,13.0,14.0,15.0,15.0,14.057,900.0,12000.0,39500.0,39500.0,13567.5,12.0,13.944,18.0,OK
14201,1000.0,1.5,33,-12.4,-11.0,-10.0,-9.0,-10.581,30.0,250.0,1075.0,2350.0,595.675,-13.0,-10.649,-9.0,OK
14213,1700.0,2.55,45,23.0,24.0,24.0,24.8,23.524,0.0,1425.0,1425.0,3185.0,746.7,23.0,23.407,25.0,OK
14257,6300.0,9.45,105,23.0,24.0,24.0,25.0,23.619,0.0,3475.0,3475.0,10925.0,2151.025,23.0,23.567,25.0,OK
14314,600.0,0.9,25,25.0,25.0,25.0,25.0,25.0,0.0,0.0,0.0,0.0,0.0,25.0,25.027,26.0,OK
14336,1100.0,1.65,45,16.0,16.0,16.0,16.0,16.0,50.0,50.0,50.0,50.0,50.0,15.0,15.97,16.0,OK
14341,13700.0,20.55,137,18.0,19.0,21.0,26.0,20.18,650.0,5775.0,25850.0,94275.0,16522.5,17.0,19.891,27.0,OK
14354,15400.0,23.1,237,10.0,15.0,16.0,18.0,14.305,325.0,22625.0,34325.0,66950.0,16682.75,8.0,14.376,20.0,OK
14355,48100.0,72.15,329,19.0,21.0,21.0,21.0,20.531,175.0,17000.0,17000.0,17000.0,10140.875,18.0,20.713,22.0,OK
14357,172000.0,258.0,1794,4.0,7.0,10.0,12.0,7.293,4775.0,204775.0,587325.0,947675.0,237869.35,0.0,7.124,14.0,OK
14439,26500.0,39.75,249,25.0,28.0,29.0,31.0,28.045,375.0,15050.0,30375.0,84100.0,15739.625,24.0,28.162,32.0,OK
14444,20100.0,30.15,189,15.0,16.0,17.0,18.0,16.118,0.0,5050.0,21575.0,43200.0,6999.95,15.0,16.081,19.0,OK
14449,2400.0,3.6,53,15.0,16.0,16.0,16.0,15.623,0.0,1300.0,1300.0,1300.0,809.9,15.0,15.577,16.0,OK
14485,700.0,1.05,25,34.0,35.0,35.0,36.0,35.0,25.0,125.0,125.0,1075.0,125.0,33.0,34.951,36.0,OK
14570,15200.0,22.8,249,24.0,26.0,27.0,28.0,26.186,300.0,8575.0,20450.0,36925.0,10783.75,23.0,25.99,29.0,OK
14624,15800.0,23.7,197,28.0,29.0,30.0,32.0,29.508,0.0,1650.0,13075.0,47225.0,7453.9,28.0,29.428,34.0,OK
14737,4200.0,6.3,73,28.0,28.0,29.0,30.0,28.638,575.0,575.0,4175.0,8600.0,2871.8,27.0,28.327,31.0,OK
14826,1300.0,1.95,49,9.0,10.0,10.0,10.0,9.833,0.0,300.0,300.0,300.0,249.9,9.0,9.87,11.0,OK
14841,15100.0,22.65,177,30.0,31.0,32.0,33.0,31.298,2375.0,7150.0,19125.0,35575.0,10718.55,28.0,30.948,34.0,OK
14884,43900.0,65.85,237,8.8,11.0,11.0,13.0,10.577,14860.0,58700.0,58700.0,145125.0,47596.25,3.0,9.974,19.0,OK
14933,8300.0,12.45,173,43.0,46.0,47.0,48.4,45.835,0.0,7075.0,13650.0,27220.0,6427.375,43.0,45.826,50.0,OK
14941,5000.0,7.5,105,7.0,8.0,9.0,9.0,8.41,0.0,400.0,3525.0,3525.0,1681.25,7.0,8.443,9.0,OK
14974,1800.0,2.7,61,47.0,48.0,49.0,51.0,48.169,0.0,900.0,2875.0,7625.0,1233.775,47.0,48.058,52.0,OK
15007,800.0,1.2,29,46.0,47.0,47.0,47.0,46.655,0.0,375.0,375.0,375.0,245.625,46.0,46.681,47.0,OK
15008,82700.0,124.05,528,16.0,17.0,18.0,20.0,17.608,3050.0,17725.0,64350.0,220750.0,46073.0,14.0,17.601,24.0,OK
15046,17900.0,26.85,225,7.0,8.0,9.0,10.0,8.223,0.0,4300.0,20225.0,39900.0,7851.275,7.0,8.097,11.0,OK
15052,52900.0,79.35,538,6.0,10.0,12.0,13.0,9.836,300.0,69425.0,163625.0,221175.0,64152.4,4.0,9.291,14.0,OK
15069,2300.0,3.45,49,48.4,49.0,51.0,51.0,49.674,60.0,150.0,4450.0,4450.0,1447.45,48.0,49.479,51.0,OK
15084,4800.0,7.2,109,16.0,18.0,18.0,20.0,17.694,25.0,2825.0,2825.0,12700.0,2220.65,15.0,18.081,23.0,OK
15095,58700.0,88.05,575,41.7,47.0,48.0,49.0,46.781,7090.0,71975.0,120875.0,184400.0,66390.5,37.0,46.2,50.0,OK
15164,4000.0,6.0,81,16.0,17.0,18.0,18.0,17.358,0.0,625.0,3975.0,3975.0,1824.3,16.0,17.209,18.0,OK
15198,19800.0,29.7,273,42.0,45.0,48.0,52.0,45.848,75.0,11850.0,61875.0,146575.0,23658.4,41.0,45.705,54.0,OK
15240,20500.0,30.75,181,44.0,46.0,47.0,49.0,46.13,2400.0,16275.0,31425.0,72700.0,18244.5,42.0,45.814,50.0,OK
15255,74400.0,111.6,514,5.0,8.0,9.0,10.35,7.92,825.0,34025.0,79375.0,174000.0,32189.0,4.0,8.229,12.0,OK
15291,10300.0,15.45,137,17.0,19.0,22.0,24.0,19.949,25.0,5975.0,31775.0,53000.0,12997.6,16.0,19.593,24.0,OK
15315,49500.0,74.25,573,4.0,6.0,6.0,8.0,5.52,4350.0,47275.0,47275.0,149950.0,34591.0,2.0,5.365,9.0,OK
15324,1100.0,1.65,33,5.0,6.0,6.0,7.0,5.818,0.0,375.0,375.0,1725.0,306.75,5.0,5.869,7.0,OK
15351,500.0,0.75,25,20.0,20.0,21.0,21.0,20.36,0.0,0.0,500.0,500.0,180.0,20.0,20.394,21.0,OK
15382,2600.0,3.9,61,9.0,10.0,11.0,11.0,9.898,0.0,1300.0,4200.0,4200.0,1167.4,9.0,9.778,13.0,OK
15398,3100.0,4.65,61,21.0,21.0,22.0,22.0,21.333,25.0,25.0,2475.0,2475.0,840.85,20.0,21.381,23.0,OK
15405,744800.0,1117.2,4208,0.0,3.0,3.0,5.0,2.511,20600.0,767300.0,767300.0,2186425.0,541650.95,-18.0,2.28,9.0,OK
15415,264100.0,396.15,1888,7.0,9.0,10.0,14.0,9.46,800.0,134000.0,329200.0,1380725.0,223792.0,5.0,9.208,16.0,OK
15426,2000.0,3.0,49,9.0,10.0,10.0,10.0,9.51,0.0,1175.0,1175.0,1175.0,599.25,9.0,9.552,10.0,OK
15438,68000.0,102.0,653,40.0,46.0,48.0,49.0,45.868,16025.0,132550.0,244400.0,314375.0,127085.2,34.0,44.9,54.0,OK
15489,6900.0,10.35,97,13.0,14.0,14.0,15.0,14.021,0.0,725.0,725.0,5950.0,834.725,13.0,14.268,15.0,OK
15491,53700.0,80.55,465,19.0,22.0,22.0,24.0,21.444,600.0,40350.0,40350.0,145375.0,27562.0,18.0,21.565,26.0,OK
15506,1200.0,1.8,33,20.0,20.0,21.0,21.0,20.29,75.0,75.0,1025.0,1025.0,350.5,19.0,20.562,24.0,OK
15513,100400.0,150.6,744,20.0,21.0,21.0,23.0,20.952,3175.0,37225.0,37225.0,222450.0,35590.6,18.0,21.007,27.0,OK
15517,21100.0,31.65,317,43.0,46.0,48.0,50.0,46.734,425.0,11500.0,41700.0,82775.0,20840.15,42.0,46.717,52.0,OK
15525,2100.0,3.15,69,20.0,22.0,22.0,22.0,21.424,50.0,1650.0,1650.0,1650.0,930.0,19.0,21.441,22.0,OK
15561,62200.0,93.3,505,8.0,9.0,9.0,10.0,8.683,5475.0,33075.0,33075.0,84450.0,24325.8,6.0,8.846,13.0,OK
15567,105300.0,157.95,1162,17.0,20.0,21.0,22.0,20.217,975.0,48850.0,118400.0,223775.0,63942.35,15.0,20.193,26.0,OK
15574,353300.0,529.95,2472,4.0,9.0,11.0,13.0,9.048,11525.0,417550.0,917900.0,1600025.0,428131.6,-5.0,8.842,15.0,OK
15582,5000.0,7.5,97,22.0,22.0,24.0,24.0,22.71,50.0,50.0,7475.0,7475.0,2197.75,21.0,22.896,26.0,OK
15594,3600.0,5.4,65,9.0,9.0,10.0,10.0,9.279,75.0,75.0,2925.0,2925.0,870.15,8.0,9.35,11.0,OK
15601,700.0,1.05,25,23.0,24.0,24.0,24.0,23.68,0.0,250.0,250.0,250.0,170.0,23.0,23.756,24.0,OK
15628,2800.0,4.2,69,29.0,30.0,30.0,30.0,29.594,0.0,1200.0,1200.0,1200.0,712.8,29.0,29.755,31.0,OK
15674,700.0,1.05,25,49.0,50.0,51.0,51.0,50.25,0.0,100.0,775.0,775.0,268.75,49.0,50.268,52.0,OK
15690,29900.0,44.85,237,9.0,13.0,14.0,15.2,12.736,600.0,32775.0,55600.0,91125.0,28544.4,7.0,12.437,16.0,OK
15708,20800.0,31.2,313,40.0,45.0,47.0,48.0,45.037,2250.0,22300.0,53675.0,76275.0,22805.975,35.0,44.916,49.0,OK
15722,700.0,1.05,25,48.0,48.0,48.0,48.0,48.0,25.0,25.0,25.0,25.0,25.0,47.0,47.976,48.0,OK
15750,1900.0,2.85,49,23.0,24.0,25.0,27.0,24.438,0.0,250.0,1950.0,6250.0,994.6,23.0,24.535,28.0,OK
15773,1800.0,2.7,41,47.0,48.0,48.0,49.0,47.878,0.0,700.0,700.0,2850.0,614.6,47.0,47.774,49.0,OK
15801,61500.0,92.25,645,43.0,44.0,47.0,50.0,44.897,225.0,27700.0,162750.0,351275.0,60126.55,41.0,44.957,51.0,OK
15846,42300.0,63.45,289,7.0,9.0,11.0,11.0,9.115,50.0,18325.0,91300.0,91300.0,22114.25,6.0,9.02,12.0,OK
15919,700.0,1.05,33,43.0,44.0,44.0,45.0,43.909,0.0,150.0,150.0,1175.0,136.35,43.0,43.956,45.0,OK
15947,72600.0,108.9,401,3.0,4.0,4.0,5.0,3.716,1675.0,42750.0,42750.0,117125.0,31084.7,2.0,3.492,6.0,OK
15960,6100.0,9.15,77,20.0,21.0,22.0,24.0,21.623,0.0,400.0,3250.0,14650.0,2175.55,20.0,21.929,24.0,OK
15974,500.0,0.75,21,29.0,29.0,29.0,29.0,29.0,0.0,0.0,0.0,0.0,0.0,29.0,29.0,29.0,OK
16032,116900.0,175.35,882,9.0,10.0,12.0,12.95,10.618,375.0,16875.0,191650.0,308903.75,62962.35,8.0,10.537,13.0,OK
16088,67900.0,101.85,689,23.0,24.0,25.0,28.0,24.697,1850.0,16275.0,62125.0,268450.0,48232.45,21.0,24.515,31.0,OK
16113,600.0,0.9,29,19.0,19.0,20.0,20.0,19.448,0.0,0.0,550.0,550.0,246.4,19.0,19.436,20.0,OK
16167,11700.0,17.55,237,43.0,45.0,47.0,51.0,45.674,275.0,7475.0,27925.0,75650.0,14198.15,41.0,45.836,51.0,OK
16174,21900.0,32.85,253,17.0,18.0,18.0,19.0,17.633,1050.0,11775.0,11775.0,35450.0,7838.925,16.0,17.588,20.0,OK
16232,18500.0,27.75,153,47.0,48.0,49.0,49.0,48.267,0.0,1400.0,17050.0,17050.0,5578.55,47.0,48.169,50.0,OK
16250,5700.0,8.55,101,22.0,23.0,24.0,24.0,23.129,0.0,600.0,4500.0,4500.0,1103.1,22.0,23.448,25.0,OK
16304,16900.0,25.35,173,19.0,20.0,21.0,22.4,20.049,350.0,6300.0,18325.0,38385.0,6889.225,18.0,20.662,25.0,OK
16386,143600.0,215.4,1210,12.0,16.0,19.0,22.0,16.468,0.0,160850.0,459400.0,881450.0,199541.9,12.0,16.448,24.0,OK
16418,600.0,0.9,25,36.0,38.0,39.0,39.0,37.92,0.0,425.0,1075.0,1075.0,397.0,36.0,37.838,39.0,OK
16459,34500.0,51.75,382,11.0,13.0,14.0,15.0,12.832,0.0,16400.0,44050.0,78475.0,14136.2,11.0,13.052,18.0,OK
16504,7700.0,11.55,125,34.0,37.0,38.0,39.0,37.142,300.0,4525.0,11300.0,20225.0,5487.05,30.0,36.819,39.0,OK
16776,2400.0,3.6,65,24.0,24.0,25.0,25.0,24.369,0.0,0.0,1675.0,1675.0,618.075,24.0,24.481,25.0,OK
16806,20700.0,31.05,237,18.0,20.0,21.0,23.0,20.324,4250.0,19375.0,33625.0,76775.0,23992.0,16.0,19.758,24.0,OK
16871,7800.0,11.7,113,13.0,16.0,17.0,20.0,15.899,200.0,10000.0,17225.0,42825.0,9421.775,12.0,15.371,21.0,OK
16947,1700.0,2.55,53,12.0,14.0,17.0,18.0,14.462,0.0,1325.0,5850.0,7800.0,1914.05,12.0,14.737,19.0,OK
16954,5200.0,7.8,109,16.0,19.0,21.0,24.0,19.358,25.0,5625.0,16275.0,34150.0,7450.8,15.0,18.798,25.0,OK
16955,19900.0,29.85,277,22.0,25.0,25.0,26.0,24.404,2175.0,26100.0,26100.0,48575.0,19216.2,21.0,23.922,26.0,OK
16959,69300.0,103.95,780,21.0,23.0,24.0,25.0,23.201,0.0,31125.0,78025.0,151600.0,40551.9,21.0,23.08,25.0,OK
17108,27600.0,41.4,197,35.0,37.0,38.0,39.0,36.891,0.0,14700.0,38800.0,67400.0,13217.6,35.0,36.764,40.0,OK
17232,14500.0,21.75,141,44.0,45.0,47.0,49.0,45.459,0.0,4750.0,28575.0,58775.0,9466.225,44.0,45.399,50.0,OK
17308,700.0,1.05,33,45.0,46.0,46.0,47.0,45.879,0.0,325.0,325.0,1125.0,285.675,45.0,46.0,47.0,OK
17338,14000.0,21.0,153,43.0,45.0,46.0,48.0,44.986,0.0,9350.0,21300.0,51200.0,9223.65,43.0,44.802,49.0,OK
17347,723600.0,1085.4,1941,27.0,30.0,32.0,33.0,30.434,75050.0,685050.0,1889075.0,2605575.0,923153.25,12.0,29.532,36.0,OK
17348,3000.0,4.5,57,3.0,5.0,5.0,6.0,4.93,0.0,675.0,675.0,2925.0,640.0,3.0,5.215,6.0,OK
17375,9600.0,14.4,117,42.0,44.0,45.0,47.0,44.418,50.0,1600.0,9925.0,30700.0,5079.85,41.0,44.244,49.0,OK
17419,411400.0,617.1,1266,26.0,31.0,32.0,33.0,30.587,30775.0,583200.0,924800.0,1332250.0,483264.325,20.0,29.885,34.0,OK
17469,12400.0,18.6,153,43.0,44.0,44.0,45.0,44.02,125.0,975.0,975.0,14525.0,1246.0,42.0,43.986,45.0,OK
17491,1800.0,2.7,45,11.0,12.0,12.0,12.0,11.841,0.0,250.0,250.0,250.0,210.25,11.0,11.905,13.0,OK
17492,22400.0,33.6,186,3.0,7.0,7.0,9.0,6.314,1575.0,31575.0,31575.0,74475.0,22519.8,1.0,6.005,11.0,OK
17496,17000.0,25.5,257,5.0,7.0,8.0,10.0,7.167,500.0,11225.0,23975.0,58750.0,13354.25,1.0,7.13,11.0,OK
17529,800.0,1.2,33,6.6,7.0,7.0,7.0,7.0,30.0,50.0,50.0,50.0,50.0,6.0,6.959,7.0,OK
17550,195800.0,293.7,1377,-2.0,1.0,4.0,6.0,1.549,16100.0,248675.0,650575.0,1031425.0,312811.925,-6.0,1.24,9.0,OK
17566,1400.0,2.1,37,5.0,6.0,7.0,7.0,6.162,0.0,200.0,1750.0,1750.0,451.1,5.0,6.067,7.0,OK
17572,5500.0,8.25,89,23.0,27.0,28.0,30.0,26.73,0.0,8725.0,12900.0,24400.0,7867.75,23.0,26.317,30.0,OK
17617,2700.0,4.05,77,24.0,27.0,27.0,28.0,26.26,0.0,2450.0,2450.0,5400.0,1562.0,24.0,26.531,28.0,OK
18128,15200.0,22.8,129,46.0,50.0,51.0,52.0,49.276,550.0,12975.0,20650.0,33850.0,9246.4,44.0,49.988,52.0,OK
18305,16000.0,24.0,141,15.0,16.0,17.0,18.0,16.362,12800.0,23200.0,37075.0,53175.0,28222.75,11.0,15.03,19.0,OK
18338,7400.0,11.1,113,16.0,19.0,20.0,20.0,18.336,25.0,7500.0,12150.0,12150.0,4976.8,15.0,18.632,21.0,OK
18354,12500.0,18.75,153,13.0,16.0,17.0,18.0,15.464,0.0,12325.0,24325.0,38325.0,7983.4,13.0,15.343,18.0,OK
18376,10900.0,16.35,129,12.0,14.0,14.0,15.0,13.628,0.0,5850.0,5850.0,14575.0,3952.8,12.0,13.868,16.0,OK
18381,700.0,1.05,25,13.0,13.0,13.0,13.0,13.0,0.0,0.0,0.0,0.0,0.0,13.0,13.0,13.0,OK
18427,30400.0,45.6,281,11.0,14.0,14.0,16.0,13.708,0.0,9400.0,9400.0,60300.0,7604.2,11.0,14.224,17.0,OK
19734,9000.0,13.5,89,9.0,13.0,14.0,14.0,12.472,50.0,10350.0,18925.0,18925.0,7670.4,8.0,12.131,14.0,OK
19751,176700.0,265.05,1118,-3.0,1.0,2.0,4.0,1.172,3525.0,53625.0,138725.0,460325.0,68262.2,-6.0,1.602,6.0,OK
19760,6600.0,9.9,97,8.0,9.0,11.0,13.0,9.958,0.0,575.0,10850.0,24875.0,4790.2,8.0,9.824,14.0,OK
19804,21000.0,31.5,161,9.0,13.0,15.0,17.0,13.143,1875.0,43750.0,83100.0,127150.0,46445.55,7.0,11.478,17.0,OK
19825,22500.0,33.75,189,12.0,13.0,14.0,15.0,13.365,0.0,3925.0,23725.0,47925.0,11152.0,12.0,13.073,15.0,OK
19832,2500.0,3.75,61,19.0,19.0,19.0,20.0,19.164,0.0,0.0,0.0,2875.0,471.5,19.0,19.122,20.0,OK
20041,160900.0,241.35,1697,0.0,3.0,4.0,6.0,3.032,6050.0,122975.0,247400.0,555075.0,126956.6,-2.0,2.976,7.0,OK
20447,7900.0,11.85,113,3.0,6.0,6.0,7.0,5.673,25.0,4975.0,4975.0,13125.0,4002.175,2.0,5.592,7.0,OK
20497,2500.0,3.75,65,3.2,6.0,7.0,7.0,6.098,25.0,925.0,3600.0,3600.0,1187.15,3.0,5.917,7.0,OK
20513,9400.0,14.1,133,-8.0,3.0,3.0,4.0,0.24,0.0,25575.0,25575.0,33550.0,15400.0,-8.0,1.074,6.0,OK
20553,5200.0,7.8,89,4.0,5.0,5.0,5.0,4.565,50.0,2400.0,2400.0,2400.0,1377.75,3.0,4.628,6.0,OK
20609,12300.0,18.45,193,3.0,6.0,7.0,7.0,5.553,0.0,10075.0,21925.0,21925.0,7180.675,3.0,5.518,8.0,OK
20611,500.0,0.75,21,6.0,7.0,8.0,8.0,7.095,0.0,125.0,700.0,700.0,179.625,6.0,7.097,8.0,OK
20625,5600.0,8.4,85,3.0,4.0,7.0,10.0,5.235,0.0,2525.0,14975.0,32900.0,6801.75,3.0,5.071,10.0,OK
20628,41400.0,62.1,373,5.0,6.0,6.0,7.0,6.154,1750.0,8175.0,8175.0,42300.0,13430.25,2.0,6.128,8.0,OK
20631,700.0,1.05,25,4.2,5.0,6.0,6.0,5.348,35.0,175.0,1025.0,1025.0,470.8,4.0,5.0,6.0,OK
20676,7100.0,10.65,93,5.0,7.0,7.0,8.0,6.817,0.0,1150.0,1150.0,8550.0,985.3,5.0,6.967,8.0,OK
20740,127100.0,190.65,1201,4.0,6.0,7.0,8.0,6.195,425.0,43850.0,147725.0,280500.0,64105.625,3.0,6.028,9.0,OK
20766,3600.0,5.4,97,38.0,39.0,40.0,40.0,39.062,0.0,875.0,4075.0,4075.0,1073.4,38.0,39.155,40.0,OK
20784,6000.0,9.0,153,34.0,39.0,40.0,42.0,38.24,0.0,8625.0,12600.0,23875.0,6326.0,34.0,39.009,43.0,OK
20797,1400.0,2.1,53,37.0,38.0,38.0,38.0,37.667,50.0,875.0,875.0,875.0,600.275,36.0,37.578,38.0,OK
20832,800.0,1.2,29,33.0,33.0,33.0,33.0,33.0,0.0,0.0,0.0,0.0,0.0,33.0,33.0,33.0,OK
20859,900.0,1.35,29,2.0,2.0,3.0,3.0,2.448,0.0,0.0,850.0,850.0,380.8,2.0,2.333,3.0,OK
20869,97700.0,146.55,546,0.0,2.0,2.0,4.0,1.757,1400.0,58375.0,58375.0,244625.0,46613.8,-1.0,1.677,5.0,OK
20916,13900.0,20.85,205,-1.0,2.0,3.0,4.0,1.721,2150.0,22225.0,31750.0,46850.0,20020.9,-2.0,1.156,4.0,OK
20938,3700.0,5.55,69,12.0,14.0,15.0,16.0,14.058,0.0,1125.0,3300.0,7550.0,1251.15,12.0,14.35,16.0,OK
20948,700.0,1.05,29,3.0,3.0,3.0,4.0,3.103,0.0,0.0,0.0,1000.0,103.0,3.0,3.07,4.0,OK
20953,1900.0,2.85,61,1.0,1.0,2.0,2.0,1.262,0.0,0.0,2150.0,2150.0,563.3,1.0,1.196,2.0,OK
20964,1300.0,1.95,49,6.0,6.0,7.0,8.0,6.51,0.0,0.0,950.0,2700.0,484.5,6.0,6.597,8.0,OK
21012,2500.0,3.75,65,13.0,15.0,16.0,16.8,14.934,0.0,1675.0,3775.0,6375.0,1599.1,13.0,14.887,17.0,OK
21057,43900.0,65.85,385,1.0,2.0,2.0,3.0,1.733,3875.0,22625.0,22625.0,65750.0,17618.75,-1.0,1.653,4.0,OK
21109,25200.0,37.8,237,29.0,31.0,31.0,32.0,30.772,50.0,17350.0,17350.0,42575.0,13764.7,28.0,30.499,33.0,OK
21121,1000.0,1.5,29,15.0,16.0,16.0,17.0,15.759,0.0,450.0,450.0,1650.0,341.55,15.0,15.8,17.0,OK
21129,1200.0,1.8,37,41.0,43.0,44.0,46.0,43.083,0.0,625.0,1500.0,4325.0,697.625,41.0,43.433,47.0,OK
21143,5700.0,8.55,133,32.0,32.0,33.0,34.0,32.477,75.0,75.0,4450.0,10975.0,2161.875,31.0,32.512,34.0,OK
21162,64700.0,97.05,656,30.0,33.0,33.0,34.0,32.738,10875.0,74300.0,74300.0,137050.0,65228.25,28.0,32.124,35.0,OK
21168,3000.0,4.5,69,30.0,31.0,32.0,32.0,31.261,0.0,350.0,2250.0,2250.0,845.9,30.0,31.419,32.0,OK
21173,24400.0,36.6,285,41.0,45.0,46.0,46.0,44.247,75.0,22000.0,44900.0,44900.0,13472.275,40.0,44.416,47.0,OK
21281,6000.0,9.0,117,38.0,40.0,40.0,40.0,39.384,50.0,3900.0,3900.0,3900.0,2129.0,37.0,39.495,41.0,OK
21356,4500.0,6.75,89,39.0,40.0,41.0,42.0,40.36,0.0,1100.0,5175.0,9925.0,2567.0,39.0,40.236,42.0,OK
21417,4800.0,7.2,85,0.0,2.0,3.0,3.0,1.659,0.0,3250.0,6850.0,6850.0,2610.625,0.0,1.834,3.0,OK
21441,600.0,0.9,25,1.0,1.0,1.0,2.0,1.12,0.0,0.0,0.0,850.0,102.0,1.0,1.081,2.0,OK
21455,298200.0,447.3,2885,0.0,2.0,4.0,6.0,2.709,2825.0,99300.0,552925.0,1169700.0,233602.325,-5.0,2.521,9.0,OK
21846,477400.0,716.1,2688,0.0,2.0,3.0,6.0,2.428,18150.0,355900.0,693250.0,2082900.0,500285.8,-12.0,1.927,8.0,OK
22058,1500.0,2.25,37,33.0,34.0,35.0,35.0,34.378,0.0,150.0,1375.0,1375.0,613.05,33.0,34.304,35.0,OK
22183,2400.0,3.6,49,29.0,32.0,32.0,33.0,31.298,50.0,2800.0,2800.0,5400.0,1641.7,28.0,31.215,33.0,OK
22233,6600.0,9.9,97,27.0,30.0,32.0,33.0,30.082,0.0,8875.0,21075.0,28375.0,9321.9,27.0,29.374,33.0,OK
22422,252400.0,378.6,1742,22.0,24.0,25.0,30.0,24.443,41175.0,288675.0,507900.0,1720375.0,385791.675,16.0,23.738,32.0,OK
22435,53600.0,80.4,583,22.0,27.0,29.0,31.0,26.605,0.0,93300.0,174175.0,283275.0,80956.25,22.0,26.343,31.0,OK
22490,1100.0,1.65,41,25.0,26.0,26.0,27.0,25.976,0.0,250.0,250.0,1750.0,244.0,25.0,25.923,27.0,OK
22510,74900.0,112.35,676,23.0,28.0,30.0,32.0,27.716,1700.0,136550.0,253000.0,408550.0,122861.2,9.0,27.093,33.0,OK
22853,3800.0,5.7,81,0.0,0.0,0.0,0.0,0.0,0.0,0.0,0.0,0.0,0.0,0.0,0.0,0.0,OK
22888,68800.0,103.2,445,-5.8,0.0,1.0,1.0,0.086,9565.0,49650.0,87600.0,87600.0,52913.7,-13.0,-0.082,3.0,OK
22906,12000.0,18.0,213,31.0,34.0,35.0,36.0,33.798,100.0,9650.0,20325.0,34050.0,8564.25,30.0,33.697,37.0,OK
22912,282700.0,424.05,1184,-3.0,2.0,3.0,4.0,1.397,41425.0,417100.0,624500.0,883925.0,328428.85,-9.0,1.107,10.0,OK
22922,6800.0,10.2,101,35.0,37.0,37.0,38.0,36.364,50.0,4775.0,4775.0,12600.0,2501.3,34.0,36.44,38.0,OK
22934,7800.0,11.7,133,-2.0,0.0,0.0,0.0,-0.516,150.0,4100.0,4100.0,4100.0,2435.9,-3.0,-0.425,1.0,OK
22940,1100.0,1.65,41,35.0,36.0,36.0,36.0,35.829,0.0,150.0,150.0,150.0,124.35,35.0,35.908,36.0,OK
22965,10000.0,15.0,141,-4.0,1.0,1.0,1.0,0.267,175.0,8775.0,8775.0,8775.0,4816.8,-6.0,0.259,2.0,OK
22985,6300.0,9.45,81,36.0,37.0,38.0,39.0,37.432,0.0,1850.0,5825.0,12000.0,3567.2,36.0,37.362,39.0,OK
22987,103900.0,155.85,502,-1.0,2.0,3.0,4.0,2.029,5100.0,82150.0,152125.0,254625.0,84179.275,-2.0,1.691,5.0,OK
23008,11400.0,17.1,185,30.0,31.0,33.0,33.0,31.612,100.0,2825.0,17275.0,17275.0,6129.8,29.0,31.774,34.0,OK
23136,21500.0,32.25,233,19.0,21.0,21.0,21.0,20.614,1000.0,15400.0,15400.0,15400.0,11105.75,17.0,20.408,23.0,OK
23257,1400.0,2.1,37,20.0,21.0,21.0,21.0,20.514,0.0,975.0,975.0,975.0,501.15,20.0,20.48,21.0,OK
23541,527700.0,791.55,2474,15.0,19.0,22.0,23.0,18.903,5000.0,703000.0,1707400.0,2248775.0,680270.475,13.0,18.98,25.0,OK
24900,6300.0,9.45,121,31.0,33.0,34.0,36.0,33.15,50.0,1650.0,5200.0,16700.0,2182.5,30.0,33.891,37.0,OK
